City,year,partialYearMonths,BlackPop,WhitePop,StanfordStopsBl,StanfordStopsWh,BlackProp,WhiteProp,DiffBlackMinusWhite,RatioBlackWhite,animus_score,implicit_score_mean,implicit_nobs,Region,WhitePoliceShare,WhitePopShare,HispPoliceShare,HispPopShare,BlackPolShare,BlackPopShare,AsianPoliceShare,AsianPopShare,PoliceRatioWhBl
Austin,2018,,92981,864981,,,,,,,52.54,0.2541,3202,South,69.2,49.3,20.5,33.9,8.7,7.5,1.6,6.5,7.95
Bakersfield,2018,3,38340,341732,489,1171,0.0510,0.0137,0.0373,3.7221,57.52,0.2095,459,West,75,35.7,19.2,46.9,3.4,8,2.4,6.6,22.06
Burlington,2018,,2341,40343,,,,,,,51.07,0.3070,1072,Northeast,92,88.9,2,2.7,2,3.9,4,3.6,46
Charlotte,2018,,368522,500043,,,,,,,73,0.2760,3654,South,77.2,44.2,3.7,13.4,16.5,34.5,2.1,5.1,4.68
Cincinti,2018,5,139765,163398,4986,2778,0.0856,0.0408,0.0448,2.0983,71.84,0.2968,4640,Midwest,66.1,49.4,0.5,2.9,30.6,43,0.6,1.9,2.16
Columbus,2018,,285911,600251,,,,,,,75.69,0.2378,211,Midwest,86.4,58.5,1.2,5.8,11.3,27.4,1,4.3,7.65
Durham,2018,,123802,149561,,,,,,,60.63,0.2443,2073,South,64.4,38.1,4.6,13.8,29.6,40,0.2,4.8,2.18
Fayetteville,2018,,101721,108728,,,,,,,60.63,0.2049,340,South,71.9,40.8,5.4,11.1,18.6,39.8,2.6,2.7,3.87
Greensboro,2018,,136370,157335,,,,,,,67.91,0.2338,1223,South,75.8,45.1,3.5,7.4,19.6,40.6,0.6,3.9,3.87
Hartford,2018,,65038,57364,,,,,,,63.93,0.3057,2083,Northeast,64.7,15.9,20.9,44.9,12.4,34.7,1.9,2.3,5.22
Houston,2018,4,649580,1646243,25126,45264,0.1160,0.0825,0.0336,1.4068,51.26,0.2349,5795,South,45.1,25.8,25.3,43.8,22.8,22.7,6,6.2,1.98
Little Rock,2018,,89216,107675,,,,,,,61.89,0.2866,739,South,68.5,47.1,2.2,5.9,27.9,42,0.4,3,2.46
Los Angeles,2018,6,581996,3376808,64080,42348,0.2202,0.0251,0.1951,8.7796,64.39,0.2480,15636,West,35.4,28.5,43.4,48.6,11.6,8.8,7.1,11.3,3.05
Louisville,2018,1,150169,465213,647,1161,0.0517,0.0299,0.0218,1.7264,71.64,0.2974,2251,South,84.8,67.7,2,4.8,11.7,22.5,1.4,2.3,7.25
Madison,2018,,20630,236109,,,,,,,55.66,0.2928,2429,Midwest,80.1,76,5.4,6.5,10.3,7.2,2.1,7.4,7.78
shville,2018,,202904,460183,75312,108986,0.3712,0.2368,0.1343,1.5672,63.43,0.2522,2020,South,84.9,56,1,10.1,12.3,28.2,1.5,3.2,6.9
New Orleans,2018,7,245673,139325,16087,4389,0.1123,0.0540,0.0583,2.0786,61.94,0.1932,1399,South,38.5,30.7,1.9,5.4,58.2,59.4,1,3,0.66
Oakland,2018,,172346,260685,,,,,,,47.64,0.2446,10570,West,42.9,26.8,21.5,25.9,22.2,25.4,12,16.4,1.93
Oklahoma City,2018,,116175,530542,,,,,,,58.92,0.2603,1341,South,85.5,55.8,4.7,18.3,6.7,14,0.8,4.1,12.76
Philadelphia,2018,4,724749,709033,59879,14597,0.2479,0.0618,0.1861,4.0132,77.93,0.2845,11076,Northeast,56.8,36.3,8.2,13,33.4,41.7,1.5,6.5,1.7
Pittsburgh,2018,4,78342,222546,3110,3922,0.1191,0.0529,0.0662,2.2526,76.08,0.3172,3172,Northeast,84.3,64.9,0.7,2.5,14.3,24.7,0.6,4.9,5.9
Raleigh,2018,,159227,307045,,,,,,,60.63,0.2852,2209,South,83.8,52.8,3.1,11.3,12.2,29.2,0.9,4.4,6.87
San Antonio,2018,4,121550,1401275,3456,12966,0.0853,0.0278,0.0575,3.0728,46.23,0.2605,1399,South,42.3,26.5,51.5,63,5.4,6.5,0,2.3,7.83
San Diego,2018,3,130344,1280568,,,,,,,52.04,0.2727,4863,West,65.7,43.3,19.6,29.9,6.5,6.4,4.3,16.5,10.11
San Francisco,2018,,60254,501415,,,,,,,47.64,0.2446,10570,West,52.4,41.6,15.7,15.3,9,5.5,22.3,33.1,5.82
San Jose,2018,,70677,942690,462,1141,0.0065,0.0012,0.0053,5.4007,47.64,0.2641,3727,West,56.3,27.7,24.4,33.4,4.7,2.7,3,32.6,11.98
Stockton,2018,,66169,244196,,,,,,,61.89,0.2517,509,West,65.3,21.6,22.9,42.1,2.3,10.6,8.2,21.3,28.39
Tampa,2018,3,107609,284981,4487,10027,0.1668,0.1407,0.0260,1.1851,68.72,0.3158,2669,South,69.3,46.1,14.3,22.6,14.5,24.7,1.6,3.8,4.78
Tulsa,2018,,77497,322661,,,,,,,40.59,0.2936,955,South,76.2,57,2.6,14.6,9.9,14.9,1.3,2.5,7.7
Wichita,2018,,50758,338339,,,,,,,38.3,0.3103,502,Midwest,81.4,63.8,7.1,15.9,7.9,11.1,3,4.7,10.3
Winston-Salem,2018,,94537,151372,,,,,,,67.91,0.2906,817,South,80.7,46.5,4,15.5,14.1,34,0.7,1.9,5.72
Austin,2017,,91997,845018,,,,,,,52.54,0.2852,3232,South,69.2,49.3,20.5,33.9,8.7,7.5,1.6,6.5,7.95
Bakersfield,2017,,39054,336944,1903,6932,0.0487,0.0206,0.0282,2.3685,57.52,0.3116,627,West,75,35.7,19.2,46.9,3.4,8,2.4,6.6,22.06
Burlington,2017,,2350,40380,315,2682,0.1340,0.0664,0.0676,2.0181,51.07,0.3017,1122,Northeast,92,88.9,2,2.7,2,3.9,4,3.6,46
Charlotte,2017,,369247,482175,,,,,,,73,0.2825,3837,South,77.2,44.2,3.7,13.4,16.5,34.5,2.1,5.1,4.68
Cincinti,2017,,139976,162409,12775,6982,0.0913,0.0430,0.0483,2.1229,71.84,0.3166,4862,Midwest,66.1,49.4,0.5,2.9,30.6,43,0.6,1.9,2.16
Columbus,2017,,280844,592927,,,,,,,75.69,0.3138,5184,Midwest,86.4,58.5,1.2,5.8,11.3,27.4,1,4.3,7.65
Durham,2017,,122529,145205,,,,,,,60.63,0.2495,2511,South,64.4,38.1,4.6,13.8,29.6,40,0.2,4.8,2.18
Fayetteville,2017,,101005,108236,,,,,,,60.63,0.2601,440,South,71.9,40.8,5.4,11.1,18.6,39.8,2.6,2.7,3.87
Greensboro,2017,,134679,156021,,,,,,,67.91,0.2397,998,South,75.8,45.1,3.5,7.4,19.6,40.6,0.6,3.9,3.87
Hartford,2017,,65711,56988,,,,,,,63.93,0.3003,2333,Northeast,64.7,15.9,20.9,44.9,12.4,34.7,1.9,2.3,5.22
Houston,2017,,647300,1624078,75442,137271,0.1165,0.0845,0.0320,1.3789,51.26,0.2580,4651,South,45.1,25.8,25.3,43.8,22.8,22.7,6,6.2,1.98
Little Rock,2017,11,89288,107182,7044,6028,0.0861,0.0614,0.0247,1.4027,61.89,0.2840,547,South,68.5,47.1,2.2,5.9,27.9,42,0.4,3,2.46
Los Angeles,2017,,586130,3351900,114806,89335,0.1959,0.0267,0.1692,7.3492,64.39,0.2655,14424,West,35.4,28.5,43.4,48.6,11.6,8.8,7.1,11.3,3.05
Louisville,2017,,148457,464670,9401,17812,0.0633,0.0383,0.0250,1.6520,71.64,0.3107,2628,South,84.8,67.7,2,4.8,11.7,22.5,1.4,2.3,7.25
Madison,2017,9,20531,233266,4505,13153,0.2926,0.0752,0.2174,3.8914,55.66,0.3221,3236,Midwest,80.1,76,5.4,6.5,10.3,7.2,2.1,7.4,7.78
shville,2017,,200368,454986,88748,134661,0.4429,0.2960,0.1470,1.4965,63.43,0.2839,2042,South,84.9,56,1,10.1,12.3,28.2,1.5,3.2,6.9
New Orleans,2017,,242760,137092,26136,8145,0.1077,0.0594,0.0482,1.8121,61.94,0.2202,1358,South,38.5,30.7,1.9,5.4,58.2,59.4,1,3,0.66
Oakland,2017,,172915,254828,16115,2380,0.0932,0.0093,0.0839,9.9786,47.64,0.3000,4864,West,42.9,26.8,21.5,25.9,22.2,25.4,12,16.4,1.93
Oklahoma City,2017,10,115830,522548,14130,56473,0.1464,0.1297,0.0167,1.1288,58.92,0.2746,1186,South,85.5,55.8,4.7,18.3,6.7,14,0.8,4.1,12.76
Philadelphia,2017,,726492,707054,201816,50469,0.2778,0.0714,0.2064,3.8918,77.93,0.2997,10758,Northeast,56.8,36.3,8.2,13,33.4,41.7,1.5,6.5,1.7
Pittsburgh,2017,,79366,222124,9128,11269,0.1150,0.0507,0.0643,2.2670,76.08,0.3253,3209,Northeast,84.3,64.9,0.7,2.5,14.3,24.7,0.6,4.9,5.9
Raleigh,2017,,156339,302135,,,,,,,60.63,0.2939,2656,South,83.8,52.8,3.1,11.3,12.2,29.2,0.9,4.4,6.87
San Antonio,2017,,120907,1377491,12597,42907,0.1042,0.0311,0.0730,3.3448,46.23,0.2967,1520,South,42.3,26.5,51.5,63,5.4,6.5,0,2.3,7.83
San Diego,2017,,130853,1267120,3271,11320,0.0250,0.0089,0.0161,2.7981,52.04,0.3000,4864,West,65.7,43.3,19.6,29.9,6.5,6.4,4.3,16.5,10.11
San Francisco,2017,,59839,501481,,,,,,,47.64,0.2432,11047,West,52.4,41.6,15.7,15.3,9,5.5,22.3,33.1,5.82
San Jose,2017,,70067,934872,1702,3900,0.0243,0.0042,0.0201,5.8228,47.64,0.2929,3520,West,56.3,27.7,24.4,33.4,4.7,2.7,3,32.6,11.98
Stockton,2017,,67010,241022,,,,,,,61.89,0.2620,434,West,65.3,21.6,22.9,42.1,2.3,10.6,8.2,21.3,28.39
Tampa,2017,,106621,278859,29984,62745,0.2812,0.2250,0.0562,1.2498,68.72,0.3330,2683,South,69.3,46.1,14.3,22.6,14.5,24.7,1.6,3.8,4.78
Tulsa,2017,,77588,321539,,,,,,,40.59,0.2887,917,South,76.2,57,2.6,14.6,9.9,14.9,1.3,2.5,7.7
Wichita,2017,,51009,337246,,,,,,,38.3,0.2986,513,Midwest,81.4,63.8,7.1,15.9,7.9,11.1,3,4.7,10.3
Winston-Salem,2017,,94349,149523,,,,,,,67.91,0.2805,821,South,80.7,46.5,4,15.5,14.1,34,0.7,1.9,5.72
Austin,2016,6,90966,825102,2391,8468,0.0526,0.0205,0.0320,2.5611,52.54,0.2524,2661,South,69.2,49.3,20.5,33.9,8.7,7.5,1.6,6.5,7.95
Bakersfield,2016,,39743,332181,2522,10151,0.0635,0.0306,0.0329,2.0766,57.52,0.2773,570,West,75,35.7,19.2,46.9,3.4,8,2.4,6.6,22.06
Burlington,2016,,2268,40417,405,4011,0.1786,0.0992,0.0793,1.7994,51.07,0.3274,268,Northeast,92,88.9,2,2.7,2,3.9,4,3.6,46
Charlotte,2016,,369651,464629,,,,,,,73,0.2858,3193,South,77.2,44.2,3.7,13.4,16.5,34.5,2.1,5.1,4.68
Cincinti,2016,,140184,161424,13534,7330,0.0965,0.0454,0.0511,2.1261,71.84,0.3025,3288,Midwest,66.1,49.4,0.5,2.9,30.6,43,0.6,1.9,2.16
Columbus,2016,,275807,585573,11843,10778,0.0429,0.0184,0.0245,2.3329,75.69,0.2950,4372,Midwest,86.4,58.5,1.2,5.8,11.3,27.4,1,4.3,7.65
Durham,2016,,121202,140903,,,,,,,60.63,0.2511,2548,South,64.4,38.1,4.6,13.8,29.6,40,0.2,4.8,2.18
Fayetteville,2016,,100290,107742,,,,,,,60.63,0.3062,1452,South,71.9,40.8,5.4,11.1,18.6,39.8,2.6,2.7,3.87
Greensboro,2016,,132995,154701,,,,,,,67.91,0.2639,1040,South,75.8,45.1,3.5,7.4,19.6,40.6,0.6,3.9,3.87
Hartford,2016,9,66387,56608,1352,1102,0.0272,0.0260,0.0012,1.0461,63.93,0.3687,816,Northeast,64.7,15.9,20.9,44.9,12.4,34.7,1.9,2.3,5.22
Houston,2016,,644921,1602012,91209,168956,0.1414,0.1055,0.0360,1.3410,51.26,0.2640,5298,South,45.1,25.8,25.3,43.8,22.8,22.7,6,6.2,1.98
Little Rock,2016,,89359,106691,,,,,,,61.89,0.2588,541,South,68.5,47.1,2.2,5.9,27.9,42,0.4,3,2.46
Los Angeles,2016,,590189,3327069,97115,79230,0.1645,0.0238,0.1407,6.9098,64.39,0.2526,12920,West,35.4,28.5,43.4,48.6,11.6,8.8,7.1,11.3,3.05
Louisville,2016,,146753,464118,9835,21768,0.0670,0.0469,0.0201,1.4289,71.64,0.2985,2143,South,84.8,67.7,2,4.8,11.7,22.5,1.4,2.3,7.25
Madison,2016,,20429,230427,6600,19802,0.3231,0.0859,0.2371,3.7594,55.66,0.3060,3145,Midwest,80.1,76,5.4,6.5,10.3,7.2,2.1,7.4,7.78
shville,2016,,197836,449784,109148,160664,0.5517,0.3572,0.1945,1.5445,63.43,0.2788,2092,South,84.9,56,1,10.1,12.3,28.2,1.5,3.2,6.9
New Orleans,2016,,239837,134869,19745,8035,0.0823,0.0596,0.0228,1.3819,61.94,0.2442,1148,South,38.5,30.7,1.9,5.4,58.2,59.4,1,3,0.66
Oakland,2016,,173418,249037,15654,2801,0.0903,0.0112,0.0790,8.0257,47.64,0.2523,10777,West,42.9,26.8,21.5,25.9,22.2,25.4,12,16.4,1.93
Oklahoma City,2016,,115455,514583,16152,69727,0.1399,0.1355,0.0044,1.0324,58.92,0.2668,1171,South,85.5,55.8,4.7,18.3,6.7,14,0.8,4.1,12.76
Philadelphia,2016,,727283,704878,190973,53231,0.2626,0.0755,0.1871,3.4771,77.93,0.2627,8753,Northeast,56.8,36.3,8.2,13,33.4,41.7,1.5,6.5,1.7
Pittsburgh,2016,,80394,221698,6242,10164,0.0776,0.0458,0.0318,1.6935,76.08,0.3167,2845,Northeast,84.3,64.9,0.7,2.5,14.3,24.7,0.6,4.9,5.9
Raleigh,2016,,153458,297218,,,,,,,60.63,0.2817,1973,South,83.8,52.8,3.1,11.3,12.2,29.2,0.9,4.4,6.87
San Antonio,2016,,120221,1353750,11710,39583,0.0974,0.0292,0.0682,3.3312,46.23,0.2628,1622,South,42.3,26.5,51.5,63,5.4,6.5,0,2.3,7.83
San Diego,2016,,131330,1253705,11808,42091,0.0899,0.0336,0.0563,2.6780,52.04,0.2716,4162,West,65.7,43.3,19.6,29.9,6.5,6.4,4.3,16.5,10.11
San Francisco,2016,6,59320,499912,7153,14198,0.2412,0.0568,0.1844,4.2457,47.64,0.2523,10777,West,52.4,41.6,15.7,15.3,9,5.5,22.3,33.1,5.82
San Jose,2016,,69457,927054,1413,2927,0.0203,0.0032,0.0172,6.4433,47.64,0.2798,3392,West,56.3,27.7,24.4,33.4,4.7,2.7,3,32.6,11.98
Stockton,2016,,67831,237869,2701,1877,0.0398,0.0079,0.0319,5.0463,61.89,0.2482,489,West,65.3,21.6,22.9,42.1,2.3,10.6,8.2,21.3,28.39
Tampa,2016,,105598,272772,34586,72379,0.3275,0.2653,0.0622,1.2343,68.72,0.2988,2441,South,69.3,46.1,14.3,22.6,14.5,24.7,1.6,3.8,4.78
Tulsa,2016,,77677,320418,4549,20261,0.0586,0.0632,-0.0047,0.9261,40.59,0.2821,871,South,76.2,57,2.6,14.6,9.9,14.9,1.3,2.5,7.7
Wichita,2016,,51259,336155,7941,31873,0.1549,0.0948,0.0601,1.6339,38.3,0.3189,554,Midwest,81.4,63.8,7.1,15.9,7.9,11.1,3,4.7,10.3
Winston-Salem,2016,,94151,147685,,,,,,,67.91,0.2840,950,South,80.7,46.5,4,15.5,14.1,34,0.7,1.9,5.72
Austin,2015,,89889,805233,4509,16582,0.0502,0.0206,0.0296,2.4359,52.54,0.2821,2485,South,69.2,49.3,20.5,33.9,8.7,7.5,1.6,6.5,7.95
Bakersfield,2015,,40408,327442,2905,14161,0.0719,0.0432,0.0286,1.6623,57.52,0.2733,380,West,75,35.7,19.2,46.9,3.4,8,2.4,6.6,22.06
Burlington,2015,,2187,40454,504,4444,0.2305,0.1099,0.1206,2.0978,51.07,0.2510,101,Northeast,92,88.9,2,2.7,2,3.9,4,3.6,46
Charlotte,2015,,369732,447406,60371,38343,0.1633,0.0857,0.0776,1.9053,73,0.2883,2188,South,77.2,44.2,3.7,13.4,16.5,34.5,2.1,5.1,4.68
Cincinti,2015,,140390,160441,15127,9484,0.1077,0.0591,0.0486,1.8228,71.84,0.2970,2138,Midwest,66.1,49.4,0.5,2.9,30.6,43,0.6,1.9,2.16
Columbus,2015,,270800,578188,11250,10862,0.0415,0.0188,0.0228,2.2114,75.69,0.2917,2808,Midwest,86.4,58.5,1.2,5.8,11.3,27.4,1,4.3,7.65
Durham,2015,,119822,136654,13594,6489,0.1135,0.0475,0.0660,2.3892,60.63,0.2561,1764,South,64.4,38.1,4.6,13.8,29.6,40,0.2,4.8,2.18
Fayetteville,2015,,99578,107246,30879,21136,0.3101,0.1971,0.1130,1.5735,60.63,0.1771,201,South,71.9,40.8,5.4,11.1,18.6,39.8,2.6,2.7,3.87
Greensboro,2015,,131316,153374,15959,9838,0.1215,0.0641,0.0574,1.8947,67.91,0.2564,730,South,75.8,45.1,3.5,7.4,19.6,40.6,0.6,3.9,3.87
Hartford,2015,,67065,56227,2100,1841,0.0313,0.0327,-0.0014,0.9563,63.93,0.3426,346,Northeast,64.7,15.9,20.9,44.9,12.4,34.7,1.9,2.3,5.22
Houston,2015,,642441,1580047,96652,169482,0.1504,0.1073,0.0432,1.4026,51.26,0.2694,4067,South,45.1,25.8,25.3,43.8,22.8,22.7,6,6.2,1.98
Little Rock,2015,,89428,106200,,,,,,,61.89,0.2410,544,South,68.5,47.1,2.2,5.9,27.9,42,0.4,3,2.46
Los Angeles,2015,,594172,3302313,86184,87406,0.1450,0.0265,0.1186,5.4801,64.39,0.2692,11126,West,35.4,28.5,43.4,48.6,11.6,8.8,7.1,11.3,3.05
Louisville,2015,,145058,463557,15060,28598,0.1038,0.0617,0.0421,1.6829,71.64,0.2806,1385,South,84.8,67.7,2,4.8,11.7,22.5,1.4,2.3,7.25
Madison,2015,,20324,227591,7385,22541,0.3634,0.0990,0.2643,3.6688,55.66,0.2943,2226,Midwest,80.1,76,5.4,6.5,10.3,7.2,2.1,7.4,7.78
shville,2015,,195309,444579,129699,196677,0.6641,0.4424,0.2217,1.5011,63.43,0.2858,1406,South,84.9,56,1,10.1,12.3,28.2,1.5,3.2,6.9
New Orleans,2015,,236904,132656,30781,10999,0.1299,0.0829,0.0470,1.5671,61.94,0.2163,1024,South,38.5,30.7,1.9,5.4,58.2,59.4,1,3,0.66
Oakland,2015,,173854,243312,10971,2559,0.0631,0.0105,0.0526,6.0000,47.64,0.2568,9493,West,42.9,26.8,21.5,25.9,22.2,25.4,12,16.4,1.93
Oklahoma City,2015,,115049,506649,14170,64695,0.1232,0.1277,-0.0045,0.9645,58.92,0.2517,1037,South,85.5,55.8,4.7,18.3,6.7,14,0.8,4.1,12.76
Philadelphia,2015,,726619,703446,181193,60051,0.2494,0.0854,0.1640,2.9211,77.93,0.2895,6827,Northeast,56.8,36.3,8.2,13,33.4,41.7,1.5,6.5,1.7
Pittsburgh,2015,,81425,221269,7249,10476,0.0890,0.0473,0.0417,1.8804,76.08,0.3253,2435,Northeast,84.3,64.9,0.7,2.5,14.3,24.7,0.6,4.9,5.9
Raleigh,2015,,150586,292294,34053,27029,0.2261,0.0925,0.1337,2.4455,60.63,0.2867,1477,South,83.8,52.8,3.1,11.3,12.2,29.2,0.9,4.4,6.87
San Antonio,2015,,119492,1330052,12140,41337,0.1016,0.0311,0.0705,3.2690,46.23,0.2758,1110,South,42.3,26.5,51.5,63,5.4,6.5,0,2.3,7.83
San Diego,2015,,131776,1240320,12105,48758,0.0919,0.0393,0.0525,2.3368,52.04,0.2875,3279,West,65.7,43.3,19.6,29.9,6.5,6.4,4.3,16.5,10.11
San Francisco,2015,,59203,496859,14990,29867,0.2532,0.0601,0.1931,4.2121,47.64,0.2568,9493,West,52.4,41.6,15.7,15.3,9,5.5,22.3,33.1,5.82
San Jose,2015,,68847,919235,1470,3161,0.0214,0.0034,0.0179,6.2092,47.64,0.2930,3295,West,56.3,27.7,24.4,33.4,4.7,2.7,3,32.6,11.98
Stockton,2015,,68633,234736,3889,2827,0.0567,0.0120,0.0446,4.7050,61.89,0.2847,485,West,65.3,21.6,22.9,42.1,2.3,10.6,8.2,21.3,28.39
Tampa,2015,,104540,266720,37936,80724,0.3629,0.3027,0.0602,1.1990,68.72,0.2979,2989,South,69.3,46.1,14.3,22.6,14.5,24.7,1.6,3.8,4.78
Tulsa,2015,,77765,319299,4706,18571,0.0605,0.0582,0.0024,1.0405,40.59,0.3163,483,South,76.2,57,2.6,14.6,9.9,14.9,1.3,2.5,7.7
Wichita,2015,,51507,335066,8543,37903,0.1659,0.1131,0.0527,1.4662,38.3,0.2906,450,Midwest,81.4,63.8,7.1,15.9,7.9,11.1,3,4.7,10.3
Winston-Salem,2015,,93943,145856,13524,10303,0.1440,0.0706,0.0733,2.0380,67.91,0.2838,656,South,80.7,46.5,4,15.5,14.1,34,0.7,1.9,5.72
Austin,2014,,88765,785411,5104,18992,0.0575,0.0242,0.0333,2.3779,52.54,0.3041,1664,South,69.2,49.3,20.5,33.9,8.7,7.5,1.6,6.5,7.95
Bakersfield,2014,,41049,322728,2934,12550,0.0715,0.0389,0.0326,1.8380,57.52,0.3057,205,West,75,35.7,19.2,46.9,3.4,8,2.4,6.6,22.06
Burlington,2014,,2106,40490,425,4981,0.2018,0.1230,0.0788,1.6404,51.07,0.3325,435,Northeast,92,88.9,2,2.7,2,3.9,4,3.6,46
Charlotte,2014,,369491,430504,76263,50980,0.2064,0.1184,0.0880,1.7430,73,0.3331,1443,South,77.2,44.2,3.7,13.4,16.5,34.5,2.1,5.1,4.68
Cincinti,2014,,140592,159462,14616,9957,0.1040,0.0624,0.0415,1.6649,71.84,0.3314,1517,Midwest,66.1,49.4,0.5,2.9,30.6,43,0.6,1.9,2.16
Columbus,2014,,265824,570773,11290,12978,0.0425,0.0227,0.0197,1.8679,75.69,0.3204,2193,Midwest,86.4,58.5,1.2,5.8,11.3,27.4,1,4.3,7.65
Durham,2014,,118388,132459,14200,6840,0.1199,0.0516,0.0683,2.3228,60.63,0.2875,1395,South,64.4,38.1,4.6,13.8,29.6,40,0.2,4.8,2.18
Fayetteville,2014,,98866,106749,19780,12218,0.2001,0.1145,0.0856,1.7480,60.63,0.2301,139,South,71.9,40.8,5.4,11.1,18.6,39.8,2.6,2.7,3.87
Greensboro,2014,,129644,152041,22440,13321,0.1731,0.0876,0.0855,1.9756,67.91,0.2330,753,South,75.8,45.1,3.5,7.4,19.6,40.6,0.6,3.9,3.87
Hartford,2014,,67745,55843,2971,2511,0.0439,0.0450,-0.0011,0.9753,63.93,0.3025,1081,Northeast,64.7,15.9,20.9,44.9,12.4,34.7,1.9,2.3,5.22
Houston,2014,,639862,1558181,108499,144059,0.1696,0.0925,0.0771,1.8341,51.26,,2621,South,45.1,25.8,25.3,43.8,22.8,22.7,6,6.2,1.98
Little Rock,2014,,89497,105711,,,,,,,61.89,0.2722,474,South,68.5,47.1,2.2,5.9,27.9,42,0.4,3,2.46
Los Angeles,2014,,598079,3277633,106267,132679,0.1777,0.0405,0.1372,4.3893,64.39,0.2837,6504,West,35.4,28.5,43.4,48.6,11.6,8.8,7.1,11.3,3.05
Louisville,2014,,143371,462988,,,,,,,71.64,0.3201,950,South,84.8,67.7,2,4.8,11.7,22.5,1.4,2.3,7.25
Madison,2014,,20215,224759,5901,19325,0.2919,0.0860,0.2059,3.3951,55.66,0.3257,1496,Midwest,80.1,76,5.4,6.5,10.3,7.2,2.1,7.4,7.78
shville,2014,,192785,439369,155572,224707,0.8070,0.5114,0.2955,1.5779,63.43,0.2658,938,South,84.9,56,1,10.1,12.3,28.2,1.5,3.2,6.9
New Orleans,2014,,233960,130453,22334,9328,0.0955,0.0715,0.0240,1.3350,61.94,0.2963,684,South,38.5,30.7,1.9,5.4,58.2,59.4,1,3,0.66
Oakland,2014,,174224,237654,11946,3661,0.0686,0.0154,0.0532,4.4510,47.64,0.2536,5734,West,42.9,26.8,21.5,25.9,22.2,25.4,12,16.4,1.93
Oklahoma City,2014,,114614,498744,16562,72377,0.1445,0.1451,-0.0006,0.9958,58.92,0.3446,524,South,85.5,55.8,4.7,18.3,6.7,14,0.8,4.1,12.76
Philadelphia,2014,,724476,702852,132871,51563,0.1834,0.0734,0.1100,2.5000,77.93,0.2936,5808,Northeast,56.8,36.3,8.2,13,33.4,41.7,1.5,6.5,1.7
Pittsburgh,2014,,82460,220836,8518,13198,0.1033,0.0598,0.0435,1.7284,76.08,0.3475,1874,Northeast,84.3,64.9,0.7,2.5,14.3,24.7,0.6,4.9,5.9
Raleigh,2014,,147721,287361,30964,27760,0.2096,0.0966,0.1130,2.1698,60.63,0.3122,1008,South,83.8,52.8,3.1,11.3,12.2,29.2,0.9,4.4,6.87
San Antonio,2014,,118720,1306396,13841,50766,0.1166,0.0389,0.0777,3.0002,46.23,0.3198,717,South,42.3,26.5,51.5,63,5.4,6.5,0,2.3,7.83
San Diego,2014,,132190,1226967,15508,59997,0.1173,0.0489,0.0684,2.3992,52.04,0.3060,2057,West,65.7,43.3,19.6,29.9,6.5,6.4,4.3,16.5,10.11
San Francisco,2014,,59128,490886,14039,33651,0.2374,0.0686,0.1689,3.4636,47.64,0.2536,5734,West,52.4,41.6,15.7,15.3,9,5.5,22.3,33.1,5.82
San Jose,2014,,68238,911417,1677,3565,0.0246,0.0039,0.0207,6.2830,47.64,0.2958,1979,West,56.3,27.7,24.4,33.4,4.7,2.7,3,32.6,11.98
Stockton,2014,,69413,231623,1815,1449,0.0261,0.0063,0.0199,4.1797,61.89,0.2516,131,West,65.3,21.6,22.9,42.1,2.3,10.6,8.2,21.3,28.39
Tampa,2014,,103446,260704,49531,104968,0.4788,0.4026,0.0762,1.1892,68.72,0.3185,1389,South,69.3,46.1,14.3,22.6,14.5,24.7,1.6,3.8,4.78
Tulsa,2014,,77851,318181,6156,23136,0.0791,0.0727,0.0064,1.0875,40.59,0.2728,356,South,76.2,57,2.6,14.6,9.9,14.9,1.3,2.5,7.7
Wichita,2014,,51754,333979,9666,41239,0.1868,0.1235,0.0633,1.5126,38.3,0.3129,207,Midwest,81.4,63.8,7.1,15.9,7.9,11.1,3,4.7,10.3
Winston-Salem,2014,,93726,144037,17294,14141,0.1845,0.0982,0.0863,1.8794,67.91,0.2978,310,South,80.7,46.5,4,15.5,14.1,34,0.7,1.9,5.72
Austin,2013,,87593,765636,5543,19421,0.0633,0.0254,0.0379,2.4947,52.54,0.3247,1019,South,69.2,49.3,20.5,33.9,8.7,7.5,1.6,6.5,7.95
Bakersfield,2013,,41665,318038,1485,6058,0.0356,0.0190,0.0166,1.8711,57.52,0.3420,177,West,75,35.7,19.2,46.9,3.4,8,2.4,6.6,22.06
Burlington,2013,,2025,40526,368,4414,0.1817,0.1089,0.0728,1.6685,51.07,0.3116,431,Northeast,92,88.9,2,2.7,2,3.9,4,3.6,46
Charlotte,2013,,368928,413924,65110,43232,0.1765,0.1044,0.0720,1.6897,73,0.3046,1123,South,77.2,44.2,3.7,13.4,16.5,34.5,2.1,5.1,4.68
Cincinti,2013,,140792,158485,14044,10715,0.0997,0.0676,0.0321,1.4754,71.84,0.3496,1078,Midwest,66.1,49.4,0.5,2.9,30.6,43,0.6,1.9,2.16
Columbus,2013,,260878,563328,9822,12160,0.0376,0.0216,0.0161,1.7442,75.69,0.3213,1866,Midwest,86.4,58.5,1.2,5.8,11.3,27.4,1,4.3,7.65
Durham,2013,,116900,128318,17312,8019,0.1481,0.0625,0.0856,2.3697,60.63,0.3057,994,South,64.4,38.1,4.6,13.8,29.6,40,0.2,4.8,2.18
Fayetteville,2013,,98156,106251,16952,9621,0.1727,0.0905,0.0822,1.9073,60.63,0.2081,172,South,71.9,40.8,5.4,11.1,18.6,39.8,2.6,2.7,3.87
Greensboro,2013,,127978,150703,26629,18026,0.2081,0.1196,0.0885,1.7396,67.91,0.3229,499,South,75.8,45.1,3.5,7.4,19.6,40.6,0.6,3.9,3.87
Hartford,2013,3,68429,55456,688,602,0.0402,0.0434,-0.0032,0.9262,63.93,0.3797,894,Northeast,64.7,15.9,20.9,44.9,12.4,34.7,1.9,2.3,5.22
Houston,2013,,637182,1536416,,,,,,,51.26,0.2829,1675,South,45.1,25.8,25.3,43.8,22.8,22.7,6,6.2,1.98
Little Rock,2013,,89564,105223,,,,,,,61.89,0.2990,475,South,68.5,47.1,2.2,5.9,27.9,42,0.4,3,2.46
Los Angeles,2013,,601910,3253029,115285,147591,0.1915,0.0454,0.1462,4.2215,64.39,0.3246,4798,West,35.4,28.5,43.4,48.6,11.6,8.8,7.1,11.3,3.05
Louisville,2013,,141693,462411,,,,,,,71.64,0.3191,695,South,84.8,67.7,2,4.8,11.7,22.5,1.4,2.3,7.25
Madison,2013,,20104,221929,6049,20672,0.3009,0.0931,0.2077,3.2302,55.66,0.3444,1049,Midwest,80.1,76,5.4,6.5,10.3,7.2,2.1,7.4,7.78
shville,2013,,190266,434156,160926,220163,0.8458,0.5071,0.3387,1.6679,63.43,0.3305,560,South,84.9,56,1,10.1,12.3,28.2,1.5,3.2,6.9
New Orleans,2013,,231007,128260,16181,4759,0.0700,0.0371,0.0329,1.8878,61.94,0.2649,466,South,38.5,30.7,1.9,5.4,58.2,59.4,1,3,0.66
Oakland,2013,10,174519,232061,5562,1443,0.0382,0.0075,0.0308,5.1254,47.64,0.2825,3442,West,42.9,26.8,21.5,25.9,22.2,25.4,12,16.4,1.93
Oklahoma City,2013,,114148,490870,15759,67000,0.1381,0.1365,0.0016,1.0115,58.92,0.3304,335,South,85.5,55.8,4.7,18.3,6.7,14,0.8,4.1,12.76
Philadelphia,2013,,722041,701481,,,,,,,77.93,0.3226,4208,Northeast,56.8,36.3,8.2,13,33.4,41.7,1.5,6.5,1.7
Pittsburgh,2013,,83498,220400,10316,15842,0.1235,0.0719,0.0517,1.7188,76.08,0.3666,1291,Northeast,84.3,64.9,0.7,2.5,14.3,24.7,0.6,4.9,5.9
Raleigh,2013,,144863,282421,28018,22653,0.1934,0.0802,0.1132,2.4113,60.63,0.3131,691,South,83.8,52.8,3.1,11.3,12.2,29.2,0.9,4.4,6.87
San Antonio,2013,,117906,1282783,14997,58810,0.1272,0.0458,0.0813,2.7744,46.23,0.3236,520,South,42.3,26.5,51.5,63,5.4,6.5,0,2.3,7.83
San Diego,2013,,132572,1213646,,,,,,,52.04,0.3450,1722,West,65.7,43.3,19.6,29.9,6.5,6.4,4.3,16.5,10.11
San Francisco,2013,,59256,485386,12714,28386,0.2146,0.0585,0.1561,3.6689,47.64,0.2825,3442,West,52.4,41.6,15.7,15.3,9,5.5,22.3,33.1,5.82
San Jose,2013,5,67629,903597,723,1341,0.0257,0.0036,0.0221,7.2036,47.64,0.3389,1451,West,56.3,27.7,24.4,33.4,4.7,2.7,3,32.6,11.98
Stockton,2013,,70174,228530,1841,1710,0.0262,0.0075,0.0188,3.5061,61.89,0.3663,144,West,65.3,21.6,22.9,42.1,2.3,10.6,8.2,21.3,28.39
Tampa,2013,,102317,254723,55318,134912,0.5407,0.5296,0.0110,1.0208,68.72,0.3421,1473,South,69.3,46.1,14.3,22.6,14.5,24.7,1.6,3.8,4.78
Tulsa,2013,,77936,317065,7180,27732,0.0921,0.0875,0.0047,1.0533,40.59,0.3447,136,South,76.2,57,2.6,14.6,9.9,14.9,1.3,2.5,7.7
Wichita,2013,,51999,332892,9409,38186,0.1809,0.1147,0.0662,1.5774,38.3,0.3658,149,Midwest,81.4,63.8,7.1,15.9,7.9,11.1,3,4.7,10.3
Winston-Salem,2013,,93498,142228,17357,15237,0.1856,0.1071,0.0785,1.7328,67.91,0.3244,280,South,80.7,46.5,4,15.5,14.1,34,0.7,1.9,5.72
Austin,2012,,86375,745908,5152,17938,0.0596,0.0240,0.0356,2.4803,52.54,0.3302,910,South,69.2,49.3,20.5,33.9,8.7,7.5,1.6,6.5,7.95
Bakersfield,2012,,42258,313373,2005,9651,0.0474,0.0308,0.0166,1.5406,57.52,0.3980,160,West,75,35.7,19.2,46.9,3.4,8,2.4,6.6,22.06
Burlington,2012,,1944,40563,468,5481,0.2407,0.1351,0.1056,1.7816,51.07,0.3699,432,Northeast,92,88.9,2,2.7,2,3.9,4,3.6,46
Charlotte,2012,,368043,397667,55797,38112,0.1516,0.0958,0.0558,1.5819,73,0.3121,1059,South,77.2,44.2,3.7,13.4,16.5,34.5,2.1,5.1,4.68
Cincinti,2012,,140988,157511,19500,17013,0.1383,0.1080,0.0303,1.2805,71.84,0.3489,1075,Midwest,66.1,49.4,0.5,2.9,30.6,43,0.6,1.9,2.16
Columbus,2012,,255963,555852,11796,14976,0.0461,0.0269,0.0191,1.7105,75.69,0.3653,1485,Midwest,86.4,58.5,1.2,5.8,11.3,27.4,1,4.3,7.65
Durham,2012,,115358,124230,16358,7464,0.1418,0.0601,0.0817,2.3601,60.63,0.3133,756,South,64.4,38.1,4.6,13.8,29.6,40,0.2,4.8,2.18
Fayetteville,2012,,97448,105751,25463,14173,0.2613,0.1340,0.1273,1.9497,60.63,0.1919,140,South,71.9,40.8,5.4,11.1,18.6,39.8,2.6,2.7,3.87
Greensboro,2012,,126318,149358,26644,19553,0.2109,0.1309,0.0800,1.6112,67.91,0.3003,574,South,75.8,45.1,3.5,7.4,19.6,40.6,0.6,3.9,3.87
Hartford,2012,,69114,55067,,,,,,,63.93,0.3780,823,Northeast,64.7,15.9,20.9,44.9,12.4,34.7,1.9,2.3,5.22
Houston,2012,,634403,1514750,,,,,,,51.26,0.3075,1622,South,45.1,25.8,25.3,43.8,22.8,22.7,6,6.2,1.98
Little Rock,2012,,89630,104735,,,,,,,61.89,0.2658,377,South,68.5,47.1,2.2,5.9,27.9,42,0.4,3,2.46
Los Angeles,2012,,605666,3228501,116744,156494,0.1928,0.0485,0.1443,3.9765,64.39,0.3319,4128,West,35.4,28.5,43.4,48.6,11.6,8.8,7.1,11.3,3.05
Louisville,2012,,140024,461825,,,,,,,71.64,0.3287,890,South,84.8,67.7,2,4.8,11.7,22.5,1.4,2.3,7.25
Madison,2012,,19989,219103,6245,21477,0.3124,0.0980,0.2144,3.1872,55.66,0.3284,928,Midwest,80.1,76,5.4,6.5,10.3,7.2,2.1,7.4,7.78
shville,2012,,187750,428938,173397,237629,0.9236,0.5540,0.3696,1.6671,63.43,0.3226,553,South,84.9,56,1,10.1,12.3,28.2,1.5,3.2,6.9
New Orleans,2012,,228044,126077,24866,8631,0.1090,0.0685,0.0406,1.5928,61.94,0.2971,394,South,38.5,30.7,1.9,5.4,58.2,59.4,1,3,0.66
Oakland,2012,,174767,226535,,,,,,,47.64,0.2909,2804,West,42.9,26.8,21.5,25.9,22.2,25.4,12,16.4,1.93
Oklahoma City,2012,,113652,483026,13691,62895,0.1205,0.1302,-0.0097,0.9252,58.92,0.3208,420,South,85.5,55.8,4.7,18.3,6.7,14,0.8,4.1,12.76
Philadelphia,2012,,718625,702032,,,,,,,77.93,0.3395,3495,Northeast,56.8,36.3,8.2,13,33.4,41.7,1.5,6.5,1.7
Pittsburgh,2012,,84539,219961,11305,18480,0.1337,0.0840,0.0497,1.5917,76.08,0.3646,1337,Northeast,84.3,64.9,0.7,2.5,14.3,24.7,0.6,4.9,5.9
Raleigh,2012,,142013,277474,31829,25786,0.2241,0.0929,0.1312,2.4118,60.63,0.3367,754,South,83.8,52.8,3.1,11.3,12.2,29.2,0.9,4.4,6.87
San Antonio,2012,,117050,1259212,14788,57741,0.1263,0.0459,0.0805,2.7552,46.23,0.3341,621,South,42.3,26.5,51.5,63,5.4,6.5,0,2.3,7.83
San Diego,2012,,132923,1200356,,,,,,,52.04,0.3509,1171,West,65.7,43.3,19.6,29.9,6.5,6.4,4.3,16.5,10.11
San Francisco,2012,,59162,480223,13533,34405,0.2287,0.0716,0.1571,3.1928,47.64,0.2909,2804,West,52.4,41.6,15.7,15.3,9,5.5,22.3,33.1,5.82
San Jose,2012,,67021,895778,,,,,,,47.64,0.3359,1228,West,56.3,27.7,24.4,33.4,4.7,2.7,3,32.6,11.98
Stockton,2012,,70914,225457,624,690,0.0088,0.0031,0.0057,2.8752,61.89,0.3095,129,West,65.3,21.6,22.9,42.1,2.3,10.6,8.2,21.3,28.39
Tampa,2012,,101152,248777,55275,136494,0.5465,0.5487,-0.0022,0.9960,68.72,0.3248,1119,South,69.3,46.1,14.3,22.6,14.5,24.7,1.6,3.8,4.78
Tulsa,2012,,78019,315950,7429,31825,0.0952,0.1007,-0.0055,0.9453,40.59,0.3377,243,South,76.2,57,2.6,14.6,9.9,14.9,1.3,2.5,7.7
Wichita,2012,,52242,331808,11556,45154,0.2212,0.1361,0.0851,1.6255,38.3,0.2536,173,Midwest,81.4,63.8,7.1,15.9,7.9,11.1,3,4.7,10.3
Winston-Salem,2012,,93260,140429,16641,15422,0.1784,0.1098,0.0686,1.6248,67.91,0.2813,387,South,80.7,46.5,4,15.5,14.1,34,0.7,1.9,5.72
Austin,2011,,85110,726226,5990,23272,0.0704,0.0320,0.0383,2.1963,52.54,0.3291,1009,South,69.2,49.3,20.5,33.9,8.7,7.5,1.6,6.5,7.95
Bakersfield,2011,,42825,308731,2494,16083,0.0582,0.0521,0.0061,1.1179,57.52,0.3809,176,West,75,35.7,19.2,46.9,3.4,8,2.4,6.6,22.06
Burlington,2011,,1863,40599,,,,,,,51.07,0.3735,311,Northeast,92,88.9,2,2.7,2,3.9,4,3.6,46
Charlotte,2011,,366835,381731,69356,48190,0.1891,0.1262,0.0628,1.4977,73,0.2838,1354,South,77.2,44.2,3.7,13.4,16.5,34.5,2.1,5.1,4.68
Cincinti,2011,,141182,156541,23670,18231,0.1677,0.1165,0.0512,1.4396,71.84,0.3074,1622,Midwest,66.1,49.4,0.5,2.9,30.6,43,0.6,1.9,2.16
Columbus,2011,,251078,548347,,,,,,,75.69,0.3616,1496,Midwest,86.4,58.5,1.2,5.8,11.3,27.4,1,4.3,7.65
Durham,2011,,113763,120196,17744,8910,0.1560,0.0741,0.0818,2.1041,60.63,0.3207,823,South,64.4,38.1,4.6,13.8,29.6,40,0.2,4.8,2.18
Fayetteville,2011,,96741,105249,31860,19567,0.3293,0.1859,0.1434,1.7715,60.63,0.1908,244,South,71.9,40.8,5.4,11.1,18.6,39.8,2.6,2.7,3.87
Greensboro,2011,,124664,148007,24155,18873,0.1938,0.1275,0.0662,1.5195,67.91,0.1836,419,South,75.8,45.1,3.5,7.4,19.6,40.6,0.6,3.9,3.87
Hartford,2011,,69803,54676,,,,,,,63.93,0.3577,1157,Northeast,64.7,15.9,20.9,44.9,12.4,34.7,1.9,2.3,5.22
Houston,2011,,631524,1493184,,,,,,,51.26,0.2566,2180,South,45.1,25.8,25.3,43.8,22.8,22.7,6,6.2,1.98
Little Rock,2011,,89696,104249,,,,,,,61.89,0.2500,469,South,68.5,47.1,2.2,5.9,27.9,42,0.4,3,2.46
Los Angeles,2011,,609345,3204049,122746,172299,0.2014,0.0538,0.1477,3.7459,64.39,0.3199,5458,West,35.4,28.5,43.4,48.6,11.6,8.8,7.1,11.3,3.05
Louisville,2011,,138363,461230,,,,,,,71.64,0.3291,998,South,84.8,67.7,2,4.8,11.7,22.5,1.4,2.3,7.25
Madison,2011,,19871,216279,5664,18681,0.2850,0.0864,0.1987,3.3000,55.66,0.3520,811,Midwest,80.1,76,5.4,6.5,10.3,7.2,2.1,7.4,7.78
shville,2011,,185238,423717,153026,210518,0.8261,0.4968,0.3293,1.6627,63.43,0.2957,739,South,84.9,56,1,10.1,12.3,28.2,1.5,3.2,6.9
New Orleans,2011,,225070,123905,29053,11605,0.1291,0.0937,0.0354,1.3782,61.94,0.2780,608,South,38.5,30.7,1.9,5.4,58.2,59.4,1,3,0.66
Oakland,2011,,174939,221074,,,,,,,47.64,0.3130,4054,West,42.9,26.8,21.5,25.9,22.2,25.4,12,16.4,1.93
Oklahoma City,2011,,113127,475212,8626,39056,0.0763,0.0822,-0.0059,0.9278,58.92,0.3235,547,South,85.5,55.8,4.7,18.3,6.7,14,0.8,4.1,12.76
Philadelphia,2011,,713378,699022,,,,,,,77.93,0.3440,5075,Northeast,56.8,36.3,8.2,13,33.4,41.7,1.5,6.5,1.7
Pittsburgh,2011,,85584,219518,10609,18674,0.1240,0.0851,0.0389,1.4572,76.08,0.3765,1512,Northeast,84.3,64.9,0.7,2.5,14.3,24.7,0.6,4.9,5.9
Raleigh,2011,,208854,649405,36739,31840,0.1759,0.0490,0.1269,3.5878,60.63,0.3012,1016,South,83.8,52.8,3.1,11.3,12.2,29.2,0.9,4.4,6.87
San Antonio,2011,,116151,1235684,,,,,,,46.23,0.3170,872,South,42.3,26.5,51.5,63,5.4,6.5,0,2.3,7.83
San Diego,2011,,133243,1187098,,,,,,,52.04,0.3478,1524,West,65.7,43.3,19.6,29.9,6.5,6.4,4.3,16.5,10.11
San Francisco,2011,,59519,472079,16089,42332,0.2703,0.0897,0.1806,3.0145,47.64,0.3130,4054,West,52.4,41.6,15.7,15.3,9,5.5,22.3,33.1,5.82
San Jose,2011,,66412,887958,,,,,,,47.64,0.3408,1541,West,56.3,27.7,24.4,33.4,4.7,2.7,3,32.6,11.98
Stockton,2011,1,71634,222405,,,,,,,61.89,0.3060,274,West,65.3,21.6,22.9,42.1,2.3,10.6,8.2,21.3,28.39
Tampa,2011,,99952,242868,53409,104144,0.5343,0.4288,0.1055,1.2461,68.72,0.3560,1646,South,69.3,46.1,14.3,22.6,14.5,24.7,1.6,3.8,4.78
Tulsa,2011,,78101,314837,8484,33506,0.1086,0.1064,0.0022,1.0207,40.59,0.3283,343,South,76.2,57,2.6,14.6,9.9,14.9,1.3,2.5,7.7
Wichita,2011,,52484,330725,13241,48722,0.2523,0.1473,0.1050,1.7125,38.3,0.3752,310,Midwest,81.4,63.8,7.1,15.9,7.9,11.1,3,4.7,10.3
Winston-Salem,2011,,93013,138640,18096,17506,0.1946,0.1263,0.0683,1.5408,67.91,0.3489,484,South,80.7,46.5,4,15.5,14.1,34,0.7,1.9,5.72
Austin,2010,,83798,706592,6163,27194,0.0735,0.0385,0.0351,1.9110,52.54,0.3101,1247,South,69.2,49.3,20.5,33.9,8.7,7.5,1.6,6.5,7.95
Bakersfield,2010,,43368,304115,1371,11139,0.0316,0.0366,-0.0050,0.8631,57.52,0.3497,227,West,75,35.7,19.2,46.9,3.4,8,2.4,6.6,22.06
Burlington,2010,,1783,40634,,,,,,,51.07,0.3583,335,Northeast,92,88.9,2,2.7,2,3.9,4,3.6,46
Charlotte,2010,,365306,366118,77594,54730,0.2124,0.1495,0.0629,1.4209,73,0.2655,1491,South,77.2,44.2,3.7,13.4,16.5,34.5,2.1,5.1,4.68
Cincinti,2010,,141372,155573,29370,21641,0.2077,0.1391,0.0686,1.4935,71.84,0.3434,1404,Midwest,66.1,49.4,0.5,2.9,30.6,43,0.6,1.9,2.16
Columbus,2010,,246223,540810,,,,,,,75.69,0.3256,1819,Midwest,86.4,58.5,1.2,5.8,11.3,27.4,1,4.3,7.65
Durham,2010,,112114,116216,17694,8750,0.1578,0.0753,0.0825,2.0962,60.63,0.3081,948,South,64.4,38.1,4.6,13.8,29.6,40,0.2,4.8,2.18
Fayetteville,2010,,96036,104746,20257,12943,0.2109,0.1236,0.0874,1.7070,60.63,0.1965,308,South,71.9,40.8,5.4,11.1,18.6,39.8,2.6,2.7,3.87
Greensboro,2010,,123016,146650,27528,22431,0.2238,0.1530,0.0708,1.4630,67.91,0.2126,651,South,75.8,45.1,3.5,7.4,19.6,40.6,0.6,3.9,3.87
Hartford,2010,,70493,54282,,,,,,,63.93,0.3370,1187,Northeast,64.7,15.9,20.9,44.9,12.4,34.7,1.9,2.3,5.22
Houston,2010,,628546,1471717,,,,,,,51.26,0.2335,2570,South,45.1,25.8,25.3,43.8,22.8,22.7,6,6.2,1.98
Little Rock,2010,,89759,103765,,,,,,,61.89,0.2628,546,South,68.5,47.1,2.2,5.9,27.9,42,0.4,3,2.46
Los Angeles,2010,,612949,3179672,57975,122701,0.0946,0.0386,0.0560,2.4510,64.39,0.3122,5943,West,35.4,28.5,43.4,48.6,11.6,8.8,7.1,11.3,3.05
Louisville,2010,,136710,460627,,,,,,,71.64,0.3316,1051,South,84.8,67.7,2,4.8,11.7,22.5,1.4,2.3,7.25
Madison,2010,,19750,213459,5640,20535,0.2856,0.0962,0.1894,2.9685,55.66,0.3495,897,Midwest,80.1,76,5.4,6.5,10.3,7.2,2.1,7.4,7.78
shville,2010,,182731,418491,115027,169356,0.6295,0.4047,0.2248,1.5555,63.43,0.3243,941,South,84.9,56,1,10.1,12.3,28.2,1.5,3.2,6.9
New Orleans,2010,,222087,121742,16384,6023,0.0738,0.0495,0.0243,1.4912,61.94,0.3110,718,South,38.5,30.7,1.9,5.4,58.2,59.4,1,3,0.66
Oakland,2010,,175045,215680,,,,,,,47.64,0.3165,3192,West,42.9,26.8,21.5,25.9,22.2,25.4,12,16.4,1.93
Oklahoma City,2010,,112570,467428,,,,,,,58.92,0.2904,483,South,85.5,55.8,4.7,18.3,6.7,14,0.8,4.1,12.76
Philadelphia,2010,,706827,697346,,,,,,,77.93,0.3002,5210,Northeast,56.8,36.3,8.2,13,33.4,41.7,1.5,6.5,1.7
Pittsburgh,2010,,86633,219071,9209,16509,0.1063,0.0754,0.0309,1.4106,76.08,0.3470,1614,Northeast,84.3,64.9,0.7,2.5,14.3,24.7,0.6,4.9,5.9
Raleigh,2010,,136337,267555,40637,36504,0.2981,0.1364,0.1616,2.1846,60.63,0.3120,930,South,83.8,52.8,3.1,11.3,12.2,29.2,0.9,4.4,6.87
San Antonio,2010,,115209,1212198,,,,,,,46.23,0.3366,1008,South,42.3,26.5,51.5,63,5.4,6.5,0,2.3,7.83
San Diego,2010,,133530,1173872,,,,,,,52.04,0.3489,2165,West,65.7,43.3,19.6,29.9,6.5,6.4,4.3,16.5,10.11
San Francisco,2010,,59964,466521,16976,47880,0.2831,0.1026,0.1805,2.7584,47.64,0.3165,3192,West,52.4,41.6,15.7,15.3,9,5.5,22.3,33.1,5.82
San Jose,2010,,65805,880137,,,,,,,47.64,0.3484,1519,West,56.3,27.7,24.4,33.4,4.7,2.7,3,32.6,11.98
Stockton,2010,,72334,219373,,,,,,,61.89,0.2194,248,West,65.3,21.6,22.9,42.1,2.3,10.6,8.2,21.3,28.39
Tampa,2010,,98716,236993,57336,114560,0.5808,0.4834,0.0974,1.2016,68.72,0.3585,1637,South,69.3,46.1,14.3,22.6,14.5,24.7,1.6,3.8,4.78
Tulsa,2010,,78181,313725,9469,32249,0.1211,0.1028,0.0183,1.1782,40.59,0.2743,352,South,76.2,57,2.6,14.6,9.9,14.9,1.3,2.5,7.7
Wichita,2010,,52725,329643,15063,50924,0.2857,0.1545,0.1312,1.8493,38.3,0.3539,444,Midwest,81.4,63.8,7.1,15.9,7.9,11.1,3,4.7,10.3
Winston-Salem,2010,,92756,136861,16568,15141,0.1786,0.1106,0.0680,1.6146,67.91,0.2453,310,South,80.7,46.5,4,15.5,14.1,34,0.7,1.9,5.72
,,,,,,,,,,,,,,,,,,,,,,,
,,,,,,,,,,,,,,,,,,,,,,,
,,,,,,,,,,,,,,,,,,,,,,,
,,,,,,,,,,,,,,,,,,,,,,,
,,,,,,,,,,,,,,,,,,,,,,,
,,,,,,,,,,,,,,,,,,,,,,,
,,,,,,,,,,,,,,,,,,,,,,,
,,,,,,,,,,,,,,,,,,,,,,,
,,,,,,,,,,,,,,,,,,,,,,,
,,,,,,,,,,,,,,,,,,,,,,,
,,,,,,,,,,,,,,,,,,,,,,,
,,,,,,,,,,,,,,,,,,,,,,,
,,,,,,,,,,,,,,,,,,,,,,,
,,,,,,,,,,,,,,,,,,,,,,,
,,,,,,,,,,,,,,,,,,,,,,,
,,,,,,,,,,,,,,,,,,,,,,,
,,,,,,,,,,,,,,,,,,,,,,,
,,,,,,,,,,,,,,,,,,,,,,,
,,,,,,,,,,,,,,,,,,,,,,,
,,,,,,,,,,,,,,,,,,,,,,,
,,,,,,,,,,,,,,,,,,,,,,,
,,,,,,,,,,,,,,,,,,,,,,,
,,,,,,,,,,,,,,,,,,,,,,,
,,,,,,,,,,,,,,,,,,,,,,,
,,,,,,,,,,,,,,,,,,,,,,,
,,,,,,,,,,,,,,,,,,,,,,,
,,,,,,,,,,,,,,,,,,,,,,,
,,,,,,,,,,,,,,,,,,,,,,,
,,,,,,,,,,,,,,,,,,,,,,,
,,,,,,,,,,,,,,,,,,,,,,,
,,,,,,,,,,,,,,,,,,,,,,,
,,,,,,,,,,,,,,,,,,,,,,,
,,,,,,,,,,,,,,,,,,,,,,,
,,,,,,,,,,,,,,,,,,,,,,,
,,,,,,,,,,,,,,,,,,,,,,,
,,,,,,,,,,,,,,,,,,,,,,,
,,,,,,,,,,,,,,,,,,,,,,,
,,,,,,,,,,,,,,,,,,,,,,,
,,,,,,,,,,,,,,,,,,,,,,,
,,,,,,,,,,,,,,,,,,,,,,,
,,,,,,,,,,,,,,,,,,,,,,,
,,,,,,,,,,,,,,,,,,,,,,,
,,,,,,,,,,,,,,,,,,,,,,,
,,,,,,,,,,,,,,,,,,,,,,,
,,,,,,,,,,,,,,,,,,,,,,,
,,,,,,,,,,,,,,,,,,,,,,,
,,,,,,,,,,,,,,,,,,,,,,,
,,,,,,,,,,,,,,,,,,,,,,,
,,,,,,,,,,,,,,,,,,,,,,,
,,,,,,,,,,,,,,,,,,,,,,,
,,,,,,,,,,,,,,,,,,,,,,,
,,,,,,,,,,,,,,,,,,,,,,,
,,,,,,,,,,,,,,,,,,,,,,,
,,,,,,,,,,,,,,,,,,,,,,,
,,,,,,,,,,,,,,,,,,,,,,,
,,,,,,,,,,,,,,,,,,,,,,,
,,,,,,,,,,,,,,,,,,,,,,,
,,,,,,,,,,,,,,,,,,,,,,,
,,,,,,,,,,,,,,,,,,,,,,,
,,,,,,,,,,,,,,,,,,,,,,,
,,,,,,,,,,,,,,,,,,,,,,,
,,,,,,,,,,,,,,,,,,,,,,,
,,,,,,,,,,,,,,,,,,,,,,,
,,,,,,,,,,,,,,,,,,,,,,,
,,,,,,,,,,,,,,,,,,,,,,,
,,,,,,,,,,,,,,,,,,,,,,,
,,,,,,,,,,,,,,,,,,,,,,,
,,,,,,,,,,,,,,,,,,,,,,,
,,,,,,,,,,,,,,,,,,,,,,,
,,,,,,,,,,,,,,,,,,,,,,,
,,,,,,,,,,,,,,,,,,,,,,,
,,,,,,,,,,,,,,,,,,,,,,,
,,,,,,,,,,,,,,,,,,,,,,,
,,,,,,,,,,,,,,,,,,,,,,,
,,,,,,,,,,,,,,,,,,,,,,,
,,,,,,,,,,,,,,,,,,,,,,,
,,,,,,,,,,,,,,,,,,,,,,,
,,,,,,,,,,,,,,,,,,,,,,,
,,,,,,,,,,,,,,,,,,,,,,,
,,,,,,,,,,,,,,,,,,,,,,,
,,,,,,,,,,,,,,,,,,,,,,,
,,,,,,,,,,,,,,,,,,,,,,,
,,,,,,,,,,,,,,,,,,,,,,,
,,,,,,,,,,,,,,,,,,,,,,,
,,,,,,,,,,,,,,,,,,,,,,,
,,,,,,,,,,,,,,,,,,,,,,,
,,,,,,,,,,,,,,,,,,,,,,,
,,,,,,,,,,,,,,,,,,,,,,,
,,,,,,,,,,,,,,,,,,,,,,,
,,,,,,,,,,,,,,,,,,,,,,,
,,,,,,,,,,,,,,,,,,,,,,,
,,,,,,,,,,,,,,,,,,,,,,,
,,,,,,,,,,,,,,,,,,,,,,,
,,,,,,,,,,,,,,,,,,,,,,,
,,,,,,,,,,,,,,,,,,,,,,,
,,,,,,,,,,,,,,,,,,,,,,,
,,,,,,,,,,,,,,,,,,,,,,,
,,,,,,,,,,,,,,,,,,,,,,,
,,,,,,,,,,,,,,,,,,,,,,,
,,,,,,,,,,,,,,,,,,,,,,,
,,,,,,,,,,,,,,,,,,,,,,,
,,,,,,,,,,,,,,,,,,,,,,,
,,,,,,,,,,,,,,,,,,,,,,,
,,,,,,,,,,,,,,,,,,,,,,,
,,,,,,,,,,,,,,,,,,,,,,,
,,,,,,,,,,,,,,,,,,,,,,,
,,,,,,,,,,,,,,,,,,,,,,,
,,,,,,,,,,,,,,,,,,,,,,,
,,,,,,,,,,,,,,,,,,,,,,,
,,,,,,,,,,,,,,,,,,,,,,,
,,,,,,,,,,,,,,,,,,,,,,,
,,,,,,,,,,,,,,,,,,,,,,,
,,,,,,,,,,,,,,,,,,,,,,,
,,,,,,,,,,,,,,,,,,,,,,,
,,,,,,,,,,,,,,,,,,,,,,,
,,,,,,,,,,,,,,,,,,,,,,,
,,,,,,,,,,,,,,,,,,,,,,,
,,,,,,,,,,,,,,,,,,,,,,,
,,,,,,,,,,,,,,,,,,,,,,,
,,,,,,,,,,,,,,,,,,,,,,,
,,,,,,,,,,,,,,,,,,,,,,,
,,,,,,,,,,,,,,,,,,,,,,,
,,,,,,,,,,,,,,,,,,,,,,,
,,,,,,,,,,,,,,,,,,,,,,,
,,,,,,,,,,,,,,,,,,,,,,,
,,,,,,,,,,,,,,,,,,,,,,,
,,,,,,,,,,,,,,,,,,,,,,,
,,,,,,,,,,,,,,,,,,,,,,,
,,,,,,,,,,,,,,,,,,,,,,,
,,,,,,,,,,,,,,,,,,,,,,,
,,,,,,,,,,,,,,,,,,,,,,,
,,,,,,,,,,,,,,,,,,,,,,,
,,,,,,,,,,,,,,,,,,,,,,,
,,,,,,,,,,,,,,,,,,,,,,,
,,,,,,,,,,,,,,,,,,,,,,,
,,,,,,,,,,,,,,,,,,,,,,,
,,,,,,,,,,,,,,,,,,,,,,,
,,,,,,,,,,,,,,,,,,,,,,,
,,,,,,,,,,,,,,,,,,,,,,,
,,,,,,,,,,,,,,,,,,,,,,,
,,,,,,,,,,,,,,,,,,,,,,,
,,,,,,,,,,,,,,,,,,,,,,,
,,,,,,,,,,,,,,,,,,,,,,,
,,,,,,,,,,,,,,,,,,,,,,,
,,,,,,,,,,,,,,,,,,,,,,,
,,,,,,,,,,,,,,,,,,,,,,,
,,,,,,,,,,,,,,,,,,,,,,,
,,,,,,,,,,,,,,,,,,,,,,,
,,,,,,,,,,,,,,,,,,,,,,,
,,,,,,,,,,,,,,,,,,,,,,,
,,,,,,,,,,,,,,,,,,,,,,,
,,,,,,,,,,,,,,,,,,,,,,,
,,,,,,,,,,,,,,,,,,,,,,,
,,,,,,,,,,,,,,,,,,,,,,,
,,,,,,,,,,,,,,,,,,,,,,,
,,,,,,,,,,,,,,,,,,,,,,,
,,,,,,,,,,,,,,,,,,,,,,,
,,,,,,,,,,,,,,,,,,,,,,,
,,,,,,,,,,,,,,,,,,,,,,,
,,,,,,,,,,,,,,,,,,,,,,,
,,,,,,,,,,,,,,,,,,,,,,,
,,,,,,,,,,,,,,,,,,,,,,,
,,,,,,,,,,,,,,,,,,,,,,,
,,,,,,,,,,,,,,,,,,,,,,,
,,,,,,,,,,,,,,,,,,,,,,,
,,,,,,,,,,,,,,,,,,,,,,,
,,,,,,,,,,,,,,,,,,,,,,,
,,,,,,,,,,,,,,,,,,,,,,,
,,,,,,,,,,,,,,,,,,,,,,,
,,,,,,,,,,,,,,,,,,,,,,,
,,,,,,,,,,,,,,,,,,,,,,,
,,,,,,,,,,,,,,,,,,,,,,,
,,,,,,,,,,,,,,,,,,,,,,,
,,,,,,,,,,,,,,,,,,,,,,,
,,,,,,,,,,,,,,,,,,,,,,,
,,,,,,,,,,,,,,,,,,,,,,,
,,,,,,,,,,,,,,,,,,,,,,,
,,,,,,,,,,,,,,,,,,,,,,,
,,,,,,,,,,,,,,,,,,,,,,,
,,,,,,,,,,,,,,,,,,,,,,,
,,,,,,,,,,,,,,,,,,,,,,,
,,,,,,,,,,,,,,,,,,,,,,,
,,,,,,,,,,,,,,,,,,,,,,,
,,,,,,,,,,,,,,,,,,,,,,,
,,,,,,,,,,,,,,,,,,,,,,,
,,,,,,,,,,,,,,,,,,,,,,,
,,,,,,,,,,,,,,,,,,,,,,,
,,,,,,,,,,,,,,,,,,,,,,,
,,,,,,,,,,,,,,,,,,,,,,,
,,,,,,,,,,,,,,,,,,,,,,,
,,,,,,,,,,,,,,,,,,,,,,,
,,,,,,,,,,,,,,,,,,,,,,,
,,,,,,,,,,,,,,,,,,,,,,,
,,,,,,,,,,,,,,,,,,,,,,,
,,,,,,,,,,,,,,,,,,,,,,,
,,,,,,,,,,,,,,,,,,,,,,,
,,,,,,,,,,,,,,,,,,,,,,,
,,,,,,,,,,,,,,,,,,,,,,,
,,,,,,,,,,,,,,,,,,,,,,,
,,,,,,,,,,,,,,,,,,,,,,,
,,,,,,,,,,,,,,,,,,,,,,,
,,,,,,,,,,,,,,,,,,,,,,,
,,,,,,,,,,,,,,,,,,,,,,,
,,,,,,,,,,,,,,,,,,,,,,,
,,,,,,,,,,,,,,,,,,,,,,,
,,,,,,,,,,,,,,,,,,,,,,,
,,,,,,,,,,,,,,,,,,,,,,,
,,,,,,,,,,,,,,,,,,,,,,,
,,,,,,,,,,,,,,,,,,,,,,,
,,,,,,,,,,,,,,,,,,,,,,,
,,,,,,,,,,,,,,,,,,,,,,,
,,,,,,,,,,,,,,,,,,,,,,,
,,,,,,,,,,,,,,,,,,,,,,,
,,,,,,,,,,,,,,,,,,,,,,,
,,,,,,,,,,,,,,,,,,,,,,,
,,,,,,,,,,,,,,,,,,,,,,,
,,,,,,,,,,,,,,,,,,,,,,,
,,,,,,,,,,,,,,,,,,,,,,,
,,,,,,,,,,,,,,,,,,,,,,,
,,,,,,,,,,,,,,,,,,,,,,,
,,,,,,,,,,,,,,,,,,,,,,,
,,,,,,,,,,,,,,,,,,,,,,,
,,,,,,,,,,,,,,,,,,,,,,,
,,,,,,,,,,,,,,,,,,,,,,,
,,,,,,,,,,,,,,,,,,,,,,,
,,,,,,,,,,,,,,,,,,,,,,,
,,,,,,,,,,,,,,,,,,,,,,,
,,,,,,,,,,,,,,,,,,,,,,,
,,,,,,,,,,,,,,,,,,,,,,,
,,,,,,,,,,,,,,,,,,,,,,,
,,,,,,,,,,,,,,,,,,,,,,,
,,,,,,,,,,,,,,,,,,,,,,,
,,,,,,,,,,,,,,,,,,,,,,,
,,,,,,,,,,,,,,,,,,,,,,,
,,,,,,,,,,,,,,,,,,,,,,,
,,,,,,,,,,,,,,,,,,,,,,,
,,,,,,,,,,,,,,,,,,,,,,,
,,,,,,,,,,,,,,,,,,,,,,,
,,,,,,,,,,,,,,,,,,,,,,,
,,,,,,,,,,,,,,,,,,,,,,,
,,,,,,,,,,,,,,,,,,,,,,,
,,,,,,,,,,,,,,,,,,,,,,,
,,,,,,,,,,,,,,,,,,,,,,,
,,,,,,,,,,,,,,,,,,,,,,,
,,,,,,,,,,,,,,,,,,,,,,,
,,,,,,,,,,,,,,,,,,,,,,,
,,,,,,,,,,,,,,,,,,,,,,,
,,,,,,,,,,,,,,,,,,,,,,,
,,,,,,,,,,,,,,,,,,,,,,,
,,,,,,,,,,,,,,,,,,,,,,,
,,,,,,,,,,,,,,,,,,,,,,,
,,,,,,,,,,,,,,,,,,,,,,,
,,,,,,,,,,,,,,,,,,,,,,,
,,,,,,,,,,,,,,,,,,,,,,,
,,,,,,,,,,,,,,,,,,,,,,,
,,,,,,,,,,,,,,,,,,,,,,,
,,,,,,,,,,,,,,,,,,,,,,,
,,,,,,,,,,,,,,,,,,,,,,,
,,,,,,,,,,,,,,,,,,,,,,,
,,,,,,,,,,,,,,,,,,,,,,,
,,,,,,,,,,,,,,,,,,,,,,,
,,,,,,,,,,,,,,,,,,,,,,,
,,,,,,,,,,,,,,,,,,,,,,,
,,,,,,,,,,,,,,,,,,,,,,,
,,,,,,,,,,,,,,,,,,,,,,,
,,,,,,,,,,,,,,,,,,,,,,,
,,,,,,,,,,,,,,,,,,,,,,,
,,,,,,,,,,,,,,,,,,,,,,,
,,,,,,,,,,,,,,,,,,,,,,,
,,,,,,,,,,,,,,,,,,,,,,,
,,,,,,,,,,,,,,,,,,,,,,,
,,,,,,,,,,,,,,,,,,,,,,,
,,,,,,,,,,,,,,,,,,,,,,,
,,,,,,,,,,,,,,,,,,,,,,,
,,,,,,,,,,,,,,,,,,,,,,,
,,,,,,,,,,,,,,,,,,,,,,,
,,,,,,,,,,,,,,,,,,,,,,,
,,,,,,,,,,,,,,,,,,,,,,,
,,,,,,,,,,,,,,,,,,,,,,,
,,,,,,,,,,,,,,,,,,,,,,,
,,,,,,,,,,,,,,,,,,,,,,,
,,,,,,,,,,,,,,,,,,,,,,,
,,,,,,,,,,,,,,,,,,,,,,,
,,,,,,,,,,,,,,,,,,,,,,,
,,,,,,,,,,,,,,,,,,,,,,,
,,,,,,,,,,,,,,,,,,,,,,,
,,,,,,,,,,,,,,,,,,,,,,,
,,,,,,,,,,,,,,,,,,,,,,,
,,,,,,,,,,,,,,,,,,,,,,,
,,,,,,,,,,,,,,,,,,,,,,,
,,,,,,,,,,,,,,,,,,,,,,,
,,,,,,,,,,,,,,,,,,,,,,,
,,,,,,,,,,,,,,,,,,,,,,,
,,,,,,,,,,,,,,,,,,,,,,,
,,,,,,,,,,,,,,,,,,,,,,,
,,,,,,,,,,,,,,,,,,,,,,,
,,,,,,,,,,,,,,,,,,,,,,,
,,,,,,,,,,,,,,,,,,,,,,,
,,,,,,,,,,,,,,,,,,,,,,,
,,,,,,,,,,,,,,,,,,,,,,,
,,,,,,,,,,,,,,,,,,,,,,,
,,,,,,,,,,,,,,,,,,,,,,,
,,,,,,,,,,,,,,,,,,,,,,,
,,,,,,,,,,,,,,,,,,,,,,,
,,,,,,,,,,,,,,,,,,,,,,,
,,,,,,,,,,,,,,,,,,,,,,,
,,,,,,,,,,,,,,,,,,,,,,,
,,,,,,,,,,,,,,,,,,,,,,,
,,,,,,,,,,,,,,,,,,,,,,,
,,,,,,,,,,,,,,,,,,,,,,,
,,,,,,,,,,,,,,,,,,,,,,,
,,,,,,,,,,,,,,,,,,,,,,,
,,,,,,,,,,,,,,,,,,,,,,,
,,,,,,,,,,,,,,,,,,,,,,,
,,,,,,,,,,,,,,,,,,,,,,,
,,,,,,,,,,,,,,,,,,,,,,,
,,,,,,,,,,,,,,,,,,,,,,,
,,,,,,,,,,,,,,,,,,,,,,,
,,,,,,,,,,,,,,,,,,,,,,,
,,,,,,,,,,,,,,,,,,,,,,,
,,,,,,,,,,,,,,,,,,,,,,,
,,,,,,,,,,,,,,,,,,,,,,,
,,,,,,,,,,,,,,,,,,,,,,,
,,,,,,,,,,,,,,,,,,,,,,,
,,,,,,,,,,,,,,,,,,,,,,,
,,,,,,,,,,,,,,,,,,,,,,,
,,,,,,,,,,,,,,,,,,,,,,,
,,,,,,,,,,,,,,,,,,,,,,,
,,,,,,,,,,,,,,,,,,,,,,,
,,,,,,,,,,,,,,,,,,,,,,,
,,,,,,,,,,,,,,,,,,,,,,,
,,,,,,,,,,,,,,,,,,,,,,,
,,,,,,,,,,,,,,,,,,,,,,,
,,,,,,,,,,,,,,,,,,,,,,,
,,,,,,,,,,,,,,,,,,,,,,,
,,,,,,,,,,,,,,,,,,,,,,,
,,,,,,,,,,,,,,,,,,,,,,,
,,,,,,,,,,,,,,,,,,,,,,,
,,,,,,,,,,,,,,,,,,,,,,,
,,,,,,,,,,,,,,,,,,,,,,,
,,,,,,,,,,,,,,,,,,,,,,,
,,,,,,,,,,,,,,,,,,,,,,,
,,,,,,,,,,,,,,,,,,,,,,,
,,,,,,,,,,,,,,,,,,,,,,,
,,,,,,,,,,,,,,,,,,,,,,,
,,,,,,,,,,,,,,,,,,,,,,,
,,,,,,,,,,,,,,,,,,,,,,,
,,,,,,,,,,,,,,,,,,,,,,,
,,,,,,,,,,,,,,,,,,,,,,,
,,,,,,,,,,,,,,,,,,,,,,,
,,,,,,,,,,,,,,,,,,,,,,,
,,,,,,,,,,,,,,,,,,,,,,,
,,,,,,,,,,,,,,,,,,,,,,,
,,,,,,,,,,,,,,,,,,,,,,,
,,,,,,,,,,,,,,,,,,,,,,,
,,,,,,,,,,,,,,,,,,,,,,,
,,,,,,,,,,,,,,,,,,,,,,,
,,,,,,,,,,,,,,,,,,,,,,,
,,,,,,,,,,,,,,,,,,,,,,,
,,,,,,,,,,,,,,,,,,,,,,,
,,,,,,,,,,,,,,,,,,,,,,,
,,,,,,,,,,,,,,,,,,,,,,,
,,,,,,,,,,,,,,,,,,,,,,,
,,,,,,,,,,,,,,,,,,,,,,,
,,,,,,,,,,,,,,,,,,,,,,,
,,,,,,,,,,,,,,,,,,,,,,,
,,,,,,,,,,,,,,,,,,,,,,,
,,,,,,,,,,,,,,,,,,,,,,,
,,,,,,,,,,,,,,,,,,,,,,,
,,,,,,,,,,,,,,,,,,,,,,,
,,,,,,,,,,,,,,,,,,,,,,,
,,,,,,,,,,,,,,,,,,,,,,,
,,,,,,,,,,,,,,,,,,,,,,,
,,,,,,,,,,,,,,,,,,,,,,,
,,,,,,,,,,,,,,,,,,,,,,,
,,,,,,,,,,,,,,,,,,,,,,,
,,,,,,,,,,,,,,,,,,,,,,,
,,,,,,,,,,,,,,,,,,,,,,,
,,,,,,,,,,,,,,,,,,,,,,,
,,,,,,,,,,,,,,,,,,,,,,,
,,,,,,,,,,,,,,,,,,,,,,,
,,,,,,,,,,,,,,,,,,,,,,,
,,,,,,,,,,,,,,,,,,,,,,,
,,,,,,,,,,,,,,,,,,,,,,,
,,,,,,,,,,,,,,,,,,,,,,,
,,,,,,,,,,,,,,,,,,,,,,,
,,,,,,,,,,,,,,,,,,,,,,,
,,,,,,,,,,,,,,,,,,,,,,,
,,,,,,,,,,,,,,,,,,,,,,,
,,,,,,,,,,,,,,,,,,,,,,,
,,,,,,,,,,,,,,,,,,,,,,,
,,,,,,,,,,,,,,,,,,,,,,,
,,,,,,,,,,,,,,,,,,,,,,,
,,,,,,,,,,,,,,,,,,,,,,,
,,,,,,,,,,,,,,,,,,,,,,,
,,,,,,,,,,,,,,,,,,,,,,,
,,,,,,,,,,,,,,,,,,,,,,,
,,,,,,,,,,,,,,,,,,,,,,,
,,,,,,,,,,,,,,,,,,,,,,,
,,,,,,,,,,,,,,,,,,,,,,,
,,,,,,,,,,,,,,,,,,,,,,,
,,,,,,,,,,,,,,,,,,,,,,,
,,,,,,,,,,,,,,,,,,,,,,,
,,,,,,,,,,,,,,,,,,,,,,,
,,,,,,,,,,,,,,,,,,,,,,,
,,,,,,,,,,,,,,,,,,,,,,,
,,,,,,,,,,,,,,,,,,,,,,,
,,,,,,,,,,,,,,,,,,,,,,,
,,,,,,,,,,,,,,,,,,,,,,,
,,,,,,,,,,,,,,,,,,,,,,,
,,,,,,,,,,,,,,,,,,,,,,,
,,,,,,,,,,,,,,,,,,,,,,,
,,,,,,,,,,,,,,,,,,,,,,,
,,,,,,,,,,,,,,,,,,,,,,,
,,,,,,,,,,,,,,,,,,,,,,,
,,,,,,,,,,,,,,,,,,,,,,,
,,,,,,,,,,,,,,,,,,,,,,,
,,,,,,,,,,,,,,,,,,,,,,,
,,,,,,,,,,,,,,,,,,,,,,,
,,,,,,,,,,,,,,,,,,,,,,,
,,,,,,,,,,,,,,,,,,,,,,,
,,,,,,,,,,,,,,,,,,,,,,,
,,,,,,,,,,,,,,,,,,,,,,,
,,,,,,,,,,,,,,,,,,,,,,,
,,,,,,,,,,,,,,,,,,,,,,,
,,,,,,,,,,,,,,,,,,,,,,,
,,,,,,,,,,,,,,,,,,,,,,,
,,,,,,,,,,,,,,,,,,,,,,,
,,,,,,,,,,,,,,,,,,,,,,,
,,,,,,,,,,,,,,,,,,,,,,,
,,,,,,,,,,,,,,,,,,,,,,,
,,,,,,,,,,,,,,,,,,,,,,,
,,,,,,,,,,,,,,,,,,,,,,,
,,,,,,,,,,,,,,,,,,,,,,,
,,,,,,,,,,,,,,,,,,,,,,,
,,,,,,,,,,,,,,,,,,,,,,,
,,,,,,,,,,,,,,,,,,,,,,,
,,,,,,,,,,,,,,,,,,,,,,,
,,,,,,,,,,,,,,,,,,,,,,,
,,,,,,,,,,,,,,,,,,,,,,,
,,,,,,,,,,,,,,,,,,,,,,,
,,,,,,,,,,,,,,,,,,,,,,,
,,,,,,,,,,,,,,,,,,,,,,,
,,,,,,,,,,,,,,,,,,,,,,,
,,,,,,,,,,,,,,,,,,,,,,,
,,,,,,,,,,,,,,,,,,,,,,,
,,,,,,,,,,,,,,,,,,,,,,,
,,,,,,,,,,,,,,,,,,,,,,,
,,,,,,,,,,,,,,,,,,,,,,,
,,,,,,,,,,,,,,,,,,,,,,,
,,,,,,,,,,,,,,,,,,,,,,,
,,,,,,,,,,,,,,,,,,,,,,,
,,,,,,,,,,,,,,,,,,,,,,,
,,,,,,,,,,,,,,,,,,,,,,,
,,,,,,,,,,,,,,,,,,,,,,,
,,,,,,,,,,,,,,,,,,,,,,,
,,,,,,,,,,,,,,,,,,,,,,,
,,,,,,,,,,,,,,,,,,,,,,,
,,,,,,,,,,,,,,,,,,,,,,,
,,,,,,,,,,,,,,,,,,,,,,,
,,,,,,,,,,,,,,,,,,,,,,,
,,,,,,,,,,,,,,,,,,,,,,,
,,,,,,,,,,,,,,,,,,,,,,,
,,,,,,,,,,,,,,,,,,,,,,,
,,,,,,,,,,,,,,,,,,,,,,,
,,,,,,,,,,,,,,,,,,,,,,,
,,,,,,,,,,,,,,,,,,,,,,,
,,,,,,,,,,,,,,,,,,,,,,,
,,,,,,,,,,,,,,,,,,,,,,,
,,,,,,,,,,,,,,,,,,,,,,,
,,,,,,,,,,,,,,,,,,,,,,,
,,,,,,,,,,,,,,,,,,,,,,,
,,,,,,,,,,,,,,,,,,,,,,,
,,,,,,,,,,,,,,,,,,,,,,,
,,,,,,,,,,,,,,,,,,,,,,,
,,,,,,,,,,,,,,,,,,,,,,,
,,,,,,,,,,,,,,,,,,,,,,,
,,,,,,,,,,,,,,,,,,,,,,,
,,,,,,,,,,,,,,,,,,,,,,,
,,,,,,,,,,,,,,,,,,,,,,,
,,,,,,,,,,,,,,,,,,,,,,,
,,,,,,,,,,,,,,,,,,,,,,,
,,,,,,,,,,,,,,,,,,,,,,,
,,,,,,,,,,,,,,,,,,,,,,,
,,,,,,,,,,,,,,,,,,,,,,,
,,,,,,,,,,,,,,,,,,,,,,,
,,,,,,,,,,,,,,,,,,,,,,,
,,,,,,,,,,,,,,,,,,,,,,,
,,,,,,,,,,,,,,,,,,,,,,,
,,,,,,,,,,,,,,,,,,,,,,,
,,,,,,,,,,,,,,,,,,,,,,,
,,,,,,,,,,,,,,,,,,,,,,,
,,,,,,,,,,,,,,,,,,,,,,,
,,,,,,,,,,,,,,,,,,,,,,,
,,,,,,,,,,,,,,,,,,,,,,,
,,,,,,,,,,,,,,,,,,,,,,,
,,,,,,,,,,,,,,,,,,,,,,,
,,,,,,,,,,,,,,,,,,,,,,,
,,,,,,,,,,,,,,,,,,,,,,,
,,,,,,,,,,,,,,,,,,,,,,,
,,,,,,,,,,,,,,,,,,,,,,,
,,,,,,,,,,,,,,,,,,,,,,,
,,,,,,,,,,,,,,,,,,,,,,,
,,,,,,,,,,,,,,,,,,,,,,,
,,,,,,,,,,,,,,,,,,,,,,,
,,,,,,,,,,,,,,,,,,,,,,,
,,,,,,,,,,,,,,,,,,,,,,,
,,,,,,,,,,,,,,,,,,,,,,,
,,,,,,,,,,,,,,,,,,,,,,,
,,,,,,,,,,,,,,,,,,,,,,,
,,,,,,,,,,,,,,,,,,,,,,,
,,,,,,,,,,,,,,,,,,,,,,,
,,,,,,,,,,,,,,,,,,,,,,,
,,,,,,,,,,,,,,,,,,,,,,,
,,,,,,,,,,,,,,,,,,,,,,,
,,,,,,,,,,,,,,,,,,,,,,,
,,,,,,,,,,,,,,,,,,,,,,,
,,,,,,,,,,,,,,,,,,,,,,,
,,,,,,,,,,,,,,,,,,,,,,,
,,,,,,,,,,,,,,,,,,,,,,,
,,,,,,,,,,,,,,,,,,,,,,,
,,,,,,,,,,,,,,,,,,,,,,,
,,,,,,,,,,,,,,,,,,,,,,,
,,,,,,,,,,,,,,,,,,,,,,,
,,,,,,,,,,,,,,,,,,,,,,,
,,,,,,,,,,,,,,,,,,,,,,,
,,,,,,,,,,,,,,,,,,,,,,,
,,,,,,,,,,,,,,,,,,,,,,,
,,,,,,,,,,,,,,,,,,,,,,,
,,,,,,,,,,,,,,,,,,,,,,,
,,,,,,,,,,,,,,,,,,,,,,,
,,,,,,,,,,,,,,,,,,,,,,,
,,,,,,,,,,,,,,,,,,,,,,,
,,,,,,,,,,,,,,,,,,,,,,,
,,,,,,,,,,,,,,,,,,,,,,,
,,,,,,,,,,,,,,,,,,,,,,,
,,,,,,,,,,,,,,,,,,,,,,,
,,,,,,,,,,,,,,,,,,,,,,,
,,,,,,,,,,,,,,,,,,,,,,,
,,,,,,,,,,,,,,,,,,,,,,,
,,,,,,,,,,,,,,,,,,,,,,,
,,,,,,,,,,,,,,,,,,,,,,,
,,,,,,,,,,,,,,,,,,,,,,,
,,,,,,,,,,,,,,,,,,,,,,,
,,,,,,,,,,,,,,,,,,,,,,,
,,,,,,,,,,,,,,,,,,,,,,,
,,,,,,,,,,,,,,,,,,,,,,,
,,,,,,,,,,,,,,,,,,,,,,,
,,,,,,,,,,,,,,,,,,,,,,,
,,,,,,,,,,,,,,,,,,,,,,,
,,,,,,,,,,,,,,,,,,,,,,,
,,,,,,,,,,,,,,,,,,,,,,,
,,,,,,,,,,,,,,,,,,,,,,,
,,,,,,,,,,,,,,,,,,,,,,,
,,,,,,,,,,,,,,,,,,,,,,,
,,,,,,,,,,,,,,,,,,,,,,,
,,,,,,,,,,,,,,,,,,,,,,,
,,,,,,,,,,,,,,,,,,,,,,,
,,,,,,,,,,,,,,,,,,,,,,,
,,,,,,,,,,,,,,,,,,,,,,,
,,,,,,,,,,,,,,,,,,,,,,,
,,,,,,,,,,,,,,,,,,,,,,,
,,,,,,,,,,,,,,,,,,,,,,,
,,,,,,,,,,,,,,,,,,,,,,,
,,,,,,,,,,,,,,,,,,,,,,,
,,,,,,,,,,,,,,,,,,,,,,,
,,,,,,,,,,,,,,,,,,,,,,,
,,,,,,,,,,,,,,,,,,,,,,,
,,,,,,,,,,,,,,,,,,,,,,,
,,,,,,,,,,,,,,,,,,,,,,,
,,,,,,,,,,,,,,,,,,,,,,,
,,,,,,,,,,,,,,,,,,,,,,,
,,,,,,,,,,,,,,,,,,,,,,,
,,,,,,,,,,,,,,,,,,,,,,,
,,,,,,,,,,,,,,,,,,,,,,,
,,,,,,,,,,,,,,,,,,,,,,,
,,,,,,,,,,,,,,,,,,,,,,,
,,,,,,,,,,,,,,,,,,,,,,,
,,,,,,,,,,,,,,,,,,,,,,,
,,,,,,,,,,,,,,,,,,,,,,,
,,,,,,,,,,,,,,,,,,,,,,,
,,,,,,,,,,,,,,,,,,,,,,,
,,,,,,,,,,,,,,,,,,,,,,,
,,,,,,,,,,,,,,,,,,,,,,,
,,,,,,,,,,,,,,,,,,,,,,,
,,,,,,,,,,,,,,,,,,,,,,,
,,,,,,,,,,,,,,,,,,,,,,,
,,,,,,,,,,,,,,,,,,,,,,,
,,,,,,,,,,,,,,,,,,,,,,,
,,,,,,,,,,,,,,,,,,,,,,,
,,,,,,,,,,,,,,,,,,,,,,,
,,,,,,,,,,,,,,,,,,,,,,,
,,,,,,,,,,,,,,,,,,,,,,,
,,,,,,,,,,,,,,,,,,,,,,,
,,,,,,,,,,,,,,,,,,,,,,,
,,,,,,,,,,,,,,,,,,,,,,,
,,,,,,,,,,,,,,,,,,,,,,,
,,,,,,,,,,,,,,,,,,,,,,,
,,,,,,,,,,,,,,,,,,,,,,,
,,,,,,,,,,,,,,,,,,,,,,,
,,,,,,,,,,,,,,,,,,,,,,,
,,,,,,,,,,,,,,,,,,,,,,,
,,,,,,,,,,,,,,,,,,,,,,,
,,,,,,,,,,,,,,,,,,,,,,,
,,,,,,,,,,,,,,,,,,,,,,,
,,,,,,,,,,,,,,,,,,,,,,,
,,,,,,,,,,,,,,,,,,,,,,,
,,,,,,,,,,,,,,,,,,,,,,,
,,,,,,,,,,,,,,,,,,,,,,,
,,,,,,,,,,,,,,,,,,,,,,,
,,,,,,,,,,,,,,,,,,,,,,,
,,,,,,,,,,,,,,,,,,,,,,,
,,,,,,,,,,,,,,,,,,,,,,,
,,,,,,,,,,,,,,,,,,,,,,,
,,,,,,,,,,,,,,,,,,,,,,,
,,,,,,,,,,,,,,,,,,,,,,,
,,,,,,,,,,,,,,,,,,,,,,,
,,,,,,,,,,,,,,,,,,,,,,,
,,,,,,,,,,,,,,,,,,,,,,,
,,,,,,,,,,,,,,,,,,,,,,,
,,,,,,,,,,,,,,,,,,,,,,,
,,,,,,,,,,,,,,,,,,,,,,,
,,,,,,,,,,,,,,,,,,,,,,,
,,,,,,,,,,,,,,,,,,,,,,,
,,,,,,,,,,,,,,,,,,,,,,,
,,,,,,,,,,,,,,,,,,,,,,,
,,,,,,,,,,,,,,,,,,,,,,,
,,,,,,,,,,,,,,,,,,,,,,,
,,,,,,,,,,,,,,,,,,,,,,,
,,,,,,,,,,,,,,,,,,,,,,,
,,,,,,,,,,,,,,,,,,,,,,,
,,,,,,,,,,,,,,,,,,,,,,,
,,,,,,,,,,,,,,,,,,,,,,,
,,,,,,,,,,,,,,,,,,,,,,,
,,,,,,,,,,,,,,,,,,,,,,,
,,,,,,,,,,,,,,,,,,,,,,,
,,,,,,,,,,,,,,,,,,,,,,,
,,,,,,,,,,,,,,,,,,,,,,,
,,,,,,,,,,,,,,,,,,,,,,,
,,,,,,,,,,,,,,,,,,,,,,,