"City","year","partialYearMonths","BlackPop","WhitePop","StanfordStopsBl","StanfordStopsWh","StanSearchBl","StanSearchWh","StanFriskBl","StanFriskWh","BlackProp","WhiteProp","DiffBlackMinusWhite","RatioBlackWhite","animus_score","implicit_score_mean","implicit_nobs","Region","WhitePoliceShare","WhitePopShare","HispPoliceShare","HispPopShare","BlackPoliceShare","BlackPopShare","AsianPoliceShare","AsianPopShare","PoliceRatioWhBl","None"
"Austin",2018,NA,92981,864981,NA,NA,NA,NA,NA,NA,NA,NA,NA,NA,52.54,0.2541,3202,"South",69.2,49.3,20.5,33.9,8.7,7.5,1.6,6.5,7.95,1
"Bakersfield",2018,3,38340,341732,489,1171,NA,NA,NA,NA,0.051,0.0137,0.0373,3.7221,57.52,0.2095,459,"West",75,35.7,19.2,46.9,3.4,8,2.4,6.6,22.06,1
"Burlington",2018,NA,2341,40343,NA,NA,NA,NA,NA,NA,NA,NA,NA,NA,51.07,0.307,1072,"Northeast",92,88.9,2,2.7,2,3.9,4,3.6,46,1
"Charlotte",2018,NA,368522,500043,NA,NA,NA,NA,NA,NA,NA,NA,NA,NA,73,0.276,3654,"South",77.2,44.2,3.7,13.4,16.5,34.5,2.1,5.1,4.68,1
"Cincinti",2018,5,139765,163398,4986,2778,NA,NA,NA,NA,0.0856,0.0408,0.0448,2.0983,71.84,0.2968,4640,"Midwest",66.1,49.4,0.5,2.9,30.6,43,0.6,1.9,2.16,1
"Columbus",2018,NA,285911,600251,NA,NA,NA,NA,NA,NA,NA,NA,NA,NA,75.69,0.2378,211,"Midwest",86.4,58.5,1.2,5.8,11.3,27.4,1,4.3,7.65,1
"Durham",2018,NA,123802,149561,NA,NA,NA,NA,NA,NA,NA,NA,NA,NA,60.63,0.2443,2073,"South",64.4,38.1,4.6,13.8,29.6,40,0.2,4.8,2.18,1
"Fayetteville",2018,NA,101721,108728,NA,NA,NA,NA,NA,NA,NA,NA,NA,NA,60.63,0.2049,340,"South",71.9,40.8,5.4,11.1,18.6,39.8,2.6,2.7,3.87,1
"Greensboro",2018,NA,136370,157335,NA,NA,NA,NA,NA,NA,NA,NA,NA,NA,67.91,0.2338,1223,"South",75.8,45.1,3.5,7.4,19.6,40.6,0.6,3.9,3.87,1
"Hartford",2018,NA,65038,57364,NA,NA,NA,NA,NA,NA,NA,NA,NA,NA,63.93,0.3057,2083,"Northeast",64.7,15.9,20.9,44.9,12.4,34.7,1.9,2.3,5.22,1
"Houston",2018,4,649580,1646243,25126,45264,NA,NA,NA,NA,0.116,0.0825,0.0336,1.4068,51.26,0.2349,5795,"South",45.1,25.8,25.3,43.8,22.8,22.7,6,6.2,1.98,1
"Little Rock",2018,NA,89216,107675,NA,NA,NA,NA,NA,NA,NA,NA,NA,NA,61.89,0.2866,739,"South",68.5,47.1,2.2,5.9,27.9,42,0.4,3,2.46,1
"Los Angeles",2018,6,581996,3376808,64080,42348,NA,NA,NA,NA,0.2202,0.0251,0.1951,8.7796,64.39,0.248,15636,"West",35.4,28.5,43.4,48.6,11.6,8.8,7.1,11.3,3.05,1
"Louisville",2018,1,150169,465213,647,1161,53,58,1,1,0.0517,0.0299,0.0218,1.7264,71.64,0.2974,2251,"South",84.8,67.7,2,4.8,11.7,22.5,1.4,2.3,7.25,1
"Madison",2018,NA,20630,236109,NA,NA,NA,NA,NA,NA,NA,NA,NA,NA,55.66,0.2928,2429,"Midwest",80.1,76,5.4,6.5,10.3,7.2,2.1,7.4,7.78,1
"shville",2018,NA,202904,460183,75312,108986,4886,2579,2117,1051,0.3712,0.2368,0.1343,1.5672,63.43,0.2522,2020,"South",84.9,56,1,10.1,12.3,28.2,1.5,3.2,6.9,1
"New Orleans",2018,7,245673,139325,16087,4389,1509,202,1234,143,0.1123,0.054,0.0583,2.0786,61.94,0.1932,1399,"South",38.5,30.7,1.9,5.4,58.2,59.4,1,3,0.66,1
"Oakland",2018,NA,172346,260685,NA,NA,NA,NA,NA,NA,NA,NA,NA,NA,47.64,0.2446,10570,"West",42.9,26.8,21.5,25.9,22.2,25.4,12,16.4,1.93,1
"Oklahoma City",2018,NA,116175,530542,NA,NA,NA,NA,NA,NA,NA,NA,NA,NA,58.92,0.2603,1341,"South",85.5,55.8,4.7,18.3,6.7,14,0.8,4.1,12.76,1
"Philadelphia",2018,4,724749,709033,59879,14597,4387,619,3542,380,0.2479,0.0618,0.1861,4.0132,77.93,0.2845,11076,"Northeast",56.8,36.3,8.2,13,33.4,41.7,1.5,6.5,1.7,1
"Pittsburgh",2018,4,78342,222546,3110,3922,3110,3922,309,150,0.1191,0.0529,0.0662,2.2526,76.08,0.3172,3172,"Northeast",84.3,64.9,0.7,2.5,14.3,24.7,0.6,4.9,5.9,1
"Raleigh",2018,NA,159227,307045,NA,NA,NA,NA,NA,NA,NA,NA,NA,NA,60.63,0.2852,2209,"South",83.8,52.8,3.1,11.3,12.2,29.2,0.9,4.4,6.87,1
"San Antonio",2018,4,121550,1401275,3456,12966,48,168,NA,NA,0.0853,0.0278,0.0575,3.0728,46.23,0.2605,1399,"South",42.3,26.5,51.5,63,5.4,6.5,0,2.3,7.83,1
"San Diego",2018,3,130344,1280568,NA,NA,NA,NA,NA,NA,NA,NA,NA,NA,52.04,0.2727,4863,"West",65.7,43.3,19.6,29.9,6.5,6.4,4.3,16.5,10.11,1
"San Francisco",2018,NA,60254,501415,NA,NA,NA,NA,NA,NA,NA,NA,NA,NA,47.64,0.2446,10570,"West",52.4,41.6,15.7,15.3,9,5.5,22.3,33.1,5.82,1
"San Jose",2018,NA,70677,942690,462,1141,87,107,NA,NA,0.0065,0.0012,0.0053,5.4007,47.64,0.2641,3727,"West",56.3,27.7,24.4,33.4,4.7,2.7,3,32.6,11.98,1
"Stockton",2018,NA,66169,244196,NA,NA,NA,NA,NA,NA,NA,NA,NA,NA,61.89,0.2517,509,"West",65.3,21.6,22.9,42.1,2.3,10.6,8.2,21.3,28.39,1
"Tampa",2018,3,107609,284981,4487,10027,NA,NA,NA,NA,0.1668,0.1407,0.026,1.1851,68.72,0.3158,2669,"South",69.3,46.1,14.3,22.6,14.5,24.7,1.6,3.8,4.78,1
"Tulsa",2018,NA,77497,322661,NA,NA,NA,NA,NA,NA,NA,NA,NA,NA,40.59,0.2936,955,"South",76.2,57,2.6,14.6,9.9,14.9,1.3,2.5,7.7,1
"Wichita",2018,NA,50758,338339,NA,NA,NA,NA,NA,NA,NA,NA,NA,NA,38.3,0.3103,502,"Midwest",81.4,63.8,7.1,15.9,7.9,11.1,3,4.7,10.3,1
"Winston-Salem",2018,NA,94537,151372,NA,NA,NA,NA,NA,NA,NA,NA,NA,NA,67.91,0.2906,817,"South",80.7,46.5,4,15.5,14.1,34,0.7,1.9,5.72,1
"Austin",2017,NA,91997,845018,NA,NA,NA,NA,NA,NA,NA,NA,NA,NA,52.54,0.2852,3232,"South",69.2,49.3,20.5,33.9,8.7,7.5,1.6,6.5,7.95,1
"Bakersfield",2017,NA,39054,336944,1903,6932,NA,NA,NA,NA,0.0487,0.0206,0.0282,2.3685,57.52,0.3116,627,"West",75,35.7,19.2,46.9,3.4,8,2.4,6.6,22.06,1
"Burlington",2017,NA,2350,40380,315,2682,22,32,NA,NA,0.134,0.0664,0.0676,2.0181,51.07,0.3017,1122,"Northeast",92,88.9,2,2.7,2,3.9,4,3.6,46,1
"Charlotte",2017,NA,369247,482175,NA,NA,NA,NA,NA,NA,NA,NA,NA,NA,73,0.2825,3837,"South",77.2,44.2,3.7,13.4,16.5,34.5,2.1,5.1,4.68,1
"Cincinti",2017,NA,139976,162409,12775,6982,NA,NA,NA,NA,0.0913,0.043,0.0483,2.1229,71.84,0.3166,4862,"Midwest",66.1,49.4,0.5,2.9,30.6,43,0.6,1.9,2.16,1
"Columbus",2017,NA,280844,592927,NA,NA,NA,NA,NA,NA,NA,NA,NA,NA,75.69,0.3138,5184,"Midwest",86.4,58.5,1.2,5.8,11.3,27.4,1,4.3,7.65,1
"Durham",2017,NA,122529,145205,NA,NA,NA,NA,NA,NA,NA,NA,NA,NA,60.63,0.2495,2511,"South",64.4,38.1,4.6,13.8,29.6,40,0.2,4.8,2.18,1
"Fayetteville",2017,NA,101005,108236,NA,NA,NA,NA,NA,NA,NA,NA,NA,NA,60.63,0.2601,440,"South",71.9,40.8,5.4,11.1,18.6,39.8,2.6,2.7,3.87,1
"Greensboro",2017,NA,134679,156021,NA,NA,NA,NA,NA,NA,NA,NA,NA,NA,67.91,0.2397,998,"South",75.8,45.1,3.5,7.4,19.6,40.6,0.6,3.9,3.87,1
"Hartford",2017,NA,65711,56988,NA,NA,NA,NA,NA,NA,NA,NA,NA,NA,63.93,0.3003,2333,"Northeast",64.7,15.9,20.9,44.9,12.4,34.7,1.9,2.3,5.22,1
"Houston",2017,NA,647300,1624078,75442,137271,NA,NA,NA,NA,0.1165,0.0845,0.032,1.3789,51.26,0.258,4651,"South",45.1,25.8,25.3,43.8,22.8,22.7,6,6.2,1.98,1
"Little Rock",2017,11,89288,107182,7044,6028,NA,NA,NA,NA,0.0861,0.0614,0.0247,1.4027,61.89,0.284,547,"South",68.5,47.1,2.2,5.9,27.9,42,0.4,3,2.46,1
"Los Angeles",2017,NA,586130,3351900,114806,89335,NA,NA,NA,NA,0.1959,0.0267,0.1692,7.3492,64.39,0.2655,14424,"West",35.4,28.5,43.4,48.6,11.6,8.8,7.1,11.3,3.05,1
"Louisville",2017,NA,148457,464670,9401,17812,673,763,2,0,0.0633,0.0383,0.025,1.652,71.64,0.3107,2628,"South",84.8,67.7,2,4.8,11.7,22.5,1.4,2.3,7.25,1
"Madison",2017,9,20531,233266,4505,13153,NA,NA,NA,NA,0.2926,0.0752,0.2174,3.8914,55.66,0.3221,3236,"Midwest",80.1,76,5.4,6.5,10.3,7.2,2.1,7.4,7.78,1
"shville",2017,NA,200368,454986,88748,134661,5110,3225,2047,1131,0.4429,0.296,0.147,1.4965,63.43,0.2839,2042,"South",84.9,56,1,10.1,12.3,28.2,1.5,3.2,6.9,1
"New Orleans",2017,NA,242760,137092,26136,8145,3037,505,2565,399,0.1077,0.0594,0.0482,1.8121,61.94,0.2202,1358,"South",38.5,30.7,1.9,5.4,58.2,59.4,1,3,0.66,1
"Oakland",2017,NA,172915,254828,16115,2380,6032,335,NA,NA,0.0932,0.0093,0.0839,9.9786,47.64,0.3,4864,"West",42.9,26.8,21.5,25.9,22.2,25.4,12,16.4,1.93,1
"Oklahoma City",2017,10,115830,522548,14130,56473,NA,NA,NA,NA,0.1464,0.1297,0.0167,1.1288,58.92,0.2746,1186,"South",85.5,55.8,4.7,18.3,6.7,14,0.8,4.1,12.76,1
"Philadelphia",2017,NA,726492,707054,201816,50469,11949,2051,12560,1525,0.2778,0.0714,0.2064,3.8918,77.93,0.2997,10758,"Northeast",56.8,36.3,8.2,13,33.4,41.7,1.5,6.5,1.7,1
"Pittsburgh",2017,NA,79366,222124,9128,11269,9128,11269,907,504,0.115,0.0507,0.0643,2.267,76.08,0.3253,3209,"Northeast",84.3,64.9,0.7,2.5,14.3,24.7,0.6,4.9,5.9,1
"Raleigh",2017,NA,156339,302135,NA,NA,NA,NA,NA,NA,NA,NA,NA,NA,60.63,0.2939,2656,"South",83.8,52.8,3.1,11.3,12.2,29.2,0.9,4.4,6.87,1
"San Antonio",2017,NA,120907,1377491,12597,42907,136,385,NA,NA,0.1042,0.0311,0.073,3.3448,46.23,0.2967,1520,"South",42.3,26.5,51.5,63,5.4,6.5,0,2.3,7.83,1
"San Diego",2017,NA,130853,1267120,3271,11320,290,414,NA,NA,0.025,0.0089,0.0161,2.7981,52.04,0.3,4864,"West",65.7,43.3,19.6,29.9,6.5,6.4,4.3,16.5,10.11,1
"San Francisco",2017,NA,59839,501481,NA,NA,NA,NA,NA,NA,NA,NA,NA,NA,47.64,0.2432,11047,"West",52.4,41.6,15.7,15.3,9,5.5,22.3,33.1,5.82,1
"San Jose",2017,NA,70067,934872,1702,3900,372,350,NA,NA,0.0243,0.0042,0.0201,5.8228,47.64,0.2929,3520,"West",56.3,27.7,24.4,33.4,4.7,2.7,3,32.6,11.98,1
"Stockton",2017,NA,67010,241022,NA,NA,NA,NA,NA,NA,NA,NA,NA,NA,61.89,0.262,434,"West",65.3,21.6,22.9,42.1,2.3,10.6,8.2,21.3,28.39,1
"Tampa",2017,NA,106621,278859,29984,62745,NA,NA,NA,NA,0.2812,0.225,0.0562,1.2498,68.72,0.333,2683,"South",69.3,46.1,14.3,22.6,14.5,24.7,1.6,3.8,4.78,1
"Tulsa",2017,NA,77588,321539,NA,NA,NA,NA,NA,NA,NA,NA,NA,NA,40.59,0.2887,917,"South",76.2,57,2.6,14.6,9.9,14.9,1.3,2.5,7.7,1
"Wichita",2017,NA,51009,337246,NA,NA,NA,NA,NA,NA,NA,NA,NA,NA,38.3,0.2986,513,"Midwest",81.4,63.8,7.1,15.9,7.9,11.1,3,4.7,10.3,1
"Winston-Salem",2017,NA,94349,149523,NA,NA,NA,NA,NA,NA,NA,NA,NA,NA,67.91,0.2805,821,"South",80.7,46.5,4,15.5,14.1,34,0.7,1.9,5.72,1
"Austin",2016,6,90966,825102,2391,8468,200,178,92,116,0.0526,0.0205,0.032,2.5611,52.54,0.2524,2661,"South",69.2,49.3,20.5,33.9,8.7,7.5,1.6,6.5,7.95,1
"Bakersfield",2016,NA,39743,332181,2522,10151,NA,NA,NA,NA,0.0635,0.0306,0.0329,2.0766,57.52,0.2773,570,"West",75,35.7,19.2,46.9,3.4,8,2.4,6.6,22.06,1
"Burlington",2016,NA,2268,40417,405,4011,16,48,NA,NA,0.1786,0.0992,0.0793,1.7994,51.07,0.3274,268,"Northeast",92,88.9,2,2.7,2,3.9,4,3.6,46,1
"Charlotte",2016,NA,369651,464629,NA,NA,NA,NA,NA,NA,NA,NA,NA,NA,73,0.2858,3193,"South",77.2,44.2,3.7,13.4,16.5,34.5,2.1,5.1,4.68,1
"Cincinti",2016,NA,140184,161424,13534,7330,NA,NA,NA,NA,0.0965,0.0454,0.0511,2.1261,71.84,0.3025,3288,"Midwest",66.1,49.4,0.5,2.9,30.6,43,0.6,1.9,2.16,1
"Columbus",2016,NA,275807,585573,11843,10778,1328,599,NA,NA,0.0429,0.0184,0.0245,2.3329,75.69,0.295,4372,"Midwest",86.4,58.5,1.2,5.8,11.3,27.4,1,4.3,7.65,1
"Durham",2016,NA,121202,140903,NA,NA,NA,NA,NA,NA,NA,NA,NA,NA,60.63,0.2511,2548,"South",64.4,38.1,4.6,13.8,29.6,40,0.2,4.8,2.18,1
"Fayetteville",2016,NA,100290,107742,NA,NA,NA,NA,NA,NA,NA,NA,NA,NA,60.63,0.3062,1452,"South",71.9,40.8,5.4,11.1,18.6,39.8,2.6,2.7,3.87,1
"Greensboro",2016,NA,132995,154701,NA,NA,NA,NA,NA,NA,NA,NA,NA,NA,67.91,0.2639,1040,"South",75.8,45.1,3.5,7.4,19.6,40.6,0.6,3.9,3.87,1
"Hartford",2016,9,66387,56608,1352,1102,34,8,NA,NA,0.0272,0.026,0.0012,1.0461,63.93,0.3687,816,"Northeast",64.7,15.9,20.9,44.9,12.4,34.7,1.9,2.3,5.22,1
"Houston",2016,NA,644921,1602012,91209,168956,NA,NA,NA,NA,0.1414,0.1055,0.036,1.341,51.26,0.264,5298,"South",45.1,25.8,25.3,43.8,22.8,22.7,6,6.2,1.98,1
"Little Rock",2016,NA,89359,106691,NA,NA,NA,NA,NA,NA,NA,NA,NA,NA,61.89,0.2588,541,"South",68.5,47.1,2.2,5.9,27.9,42,0.4,3,2.46,1
"Los Angeles",2016,NA,590189,3327069,97115,79230,NA,NA,NA,NA,0.1645,0.0238,0.1407,6.9098,64.39,0.2526,12920,"West",35.4,28.5,43.4,48.6,11.6,8.8,7.1,11.3,3.05,1
"Louisville",2016,NA,146753,464118,9835,21768,989,1071,2,4,0.067,0.0469,0.0201,1.4289,71.64,0.2985,2143,"South",84.8,67.7,2,4.8,11.7,22.5,1.4,2.3,7.25,1
"Madison",2016,NA,20429,230427,6600,19802,NA,NA,NA,NA,0.3231,0.0859,0.2371,3.7594,55.66,0.306,3145,"Midwest",80.1,76,5.4,6.5,10.3,7.2,2.1,7.4,7.78,1
"shville",2016,NA,197836,449784,109148,160664,6517,4168,2569,1513,0.5517,0.3572,0.1945,1.5445,63.43,0.2788,2092,"South",84.9,56,1,10.1,12.3,28.2,1.5,3.2,6.9,1
"New Orleans",2016,NA,239837,134869,19745,8035,2030,410,1674,299,0.0823,0.0596,0.0228,1.3819,61.94,0.2442,1148,"South",38.5,30.7,1.9,5.4,58.2,59.4,1,3,0.66,1
"Oakland",2016,NA,173418,249037,15654,2801,5368,316,NA,NA,0.0903,0.0112,0.079,8.0257,47.64,0.2523,10777,"West",42.9,26.8,21.5,25.9,22.2,25.4,12,16.4,1.93,1
"Oklahoma City",2016,NA,115455,514583,16152,69727,NA,NA,NA,NA,0.1399,0.1355,0.0044,1.0324,58.92,0.2668,1171,"South",85.5,55.8,4.7,18.3,6.7,14,0.8,4.1,12.76,1
"Philadelphia",2016,NA,727283,704878,190973,53231,8387,1963,13922,1799,0.2626,0.0755,0.1871,3.4771,77.93,0.2627,8753,"Northeast",56.8,36.3,8.2,13,33.4,41.7,1.5,6.5,1.7,1
"Pittsburgh",2016,NA,80394,221698,6242,10164,6242,10164,642,413,0.0776,0.0458,0.0318,1.6935,76.08,0.3167,2845,"Northeast",84.3,64.9,0.7,2.5,14.3,24.7,0.6,4.9,5.9,1
"Raleigh",2016,NA,153458,297218,NA,NA,NA,NA,NA,NA,NA,NA,NA,NA,60.63,0.2817,1973,"South",83.8,52.8,3.1,11.3,12.2,29.2,0.9,4.4,6.87,1
"San Antonio",2016,NA,120221,1353750,11710,39583,90,225,NA,NA,0.0974,0.0292,0.0682,3.3312,46.23,0.2628,1622,"South",42.3,26.5,51.5,63,5.4,6.5,0,2.3,7.83,1
"San Diego",2016,NA,131330,1253705,11808,42091,1029,954,NA,NA,0.0899,0.0336,0.0563,2.678,52.04,0.2716,4162,"West",65.7,43.3,19.6,29.9,6.5,6.4,4.3,16.5,10.11,1
"San Francisco",2016,6,59320,499912,7153,14198,1017,305,NA,NA,0.2412,0.0568,0.1844,4.2457,47.64,0.2523,10777,"West",52.4,41.6,15.7,15.3,9,5.5,22.3,33.1,5.82,1
"San Jose",2016,NA,69457,927054,1413,2927,310,359,NA,NA,0.0203,0.0032,0.0172,6.4433,47.64,0.2798,3392,"West",56.3,27.7,24.4,33.4,4.7,2.7,3,32.6,11.98,1
"Stockton",2016,NA,67831,237869,2701,1877,592,203,NA,NA,0.0398,0.0079,0.0319,5.0463,61.89,0.2482,489,"West",65.3,21.6,22.9,42.1,2.3,10.6,8.2,21.3,28.39,1
"Tampa",2016,NA,105598,272772,34586,72379,NA,NA,NA,NA,0.3275,0.2653,0.0622,1.2343,68.72,0.2988,2441,"South",69.3,46.1,14.3,22.6,14.5,24.7,1.6,3.8,4.78,1
"Tulsa",2016,NA,77677,320418,4549,20261,NA,NA,NA,NA,0.0586,0.0632,-0.0047,0.9261,40.59,0.2821,871,"South",76.2,57,2.6,14.6,9.9,14.9,1.3,2.5,7.7,1
"Wichita",2016,NA,51259,336155,7941,31873,NA,NA,NA,NA,0.1549,0.0948,0.0601,1.6339,38.3,0.3189,554,"Midwest",81.4,63.8,7.1,15.9,7.9,11.1,3,4.7,10.3,1
"Winston-Salem",2016,NA,94151,147685,NA,NA,NA,NA,NA,NA,NA,NA,NA,NA,67.91,0.284,950,"South",80.7,46.5,4,15.5,14.1,34,0.7,1.9,5.72,1
"Austin",2015,NA,89889,805233,4509,16582,413,519,177,347,0.0502,0.0206,0.0296,2.4359,52.54,0.2821,2485,"South",69.2,49.3,20.5,33.9,8.7,7.5,1.6,6.5,7.95,1
"Bakersfield",2015,NA,40408,327442,2905,14161,NA,NA,NA,NA,0.0719,0.0432,0.0286,1.6623,57.52,0.2733,380,"West",75,35.7,19.2,46.9,3.4,8,2.4,6.6,22.06,1
"Burlington",2015,NA,2187,40454,504,4444,15,48,NA,NA,0.2305,0.1099,0.1206,2.0978,51.07,0.251,101,"Northeast",92,88.9,2,2.7,2,3.9,4,3.6,46,1
"Charlotte",2015,NA,369732,447406,60371,38343,3147,836,72,14,0.1633,0.0857,0.0776,1.9053,73,0.2883,2188,"South",77.2,44.2,3.7,13.4,16.5,34.5,2.1,5.1,4.68,1
"Cincinti",2015,NA,140390,160441,15127,9484,NA,NA,NA,NA,0.1077,0.0591,0.0486,1.8228,71.84,0.297,2138,"Midwest",66.1,49.4,0.5,2.9,30.6,43,0.6,1.9,2.16,1
"Columbus",2015,NA,270800,578188,11250,10862,1222,637,NA,NA,0.0415,0.0188,0.0228,2.2114,75.69,0.2917,2808,"Midwest",86.4,58.5,1.2,5.8,11.3,27.4,1,4.3,7.65,1
"Durham",2015,NA,119822,136654,13594,6489,1297,154,64,1,0.1135,0.0475,0.066,2.3892,60.63,0.2561,1764,"South",64.4,38.1,4.6,13.8,29.6,40,0.2,4.8,2.18,1
"Fayetteville",2015,NA,99578,107246,30879,21136,668,145,10,7,0.3101,0.1971,0.113,1.5735,60.63,0.1771,201,"South",71.9,40.8,5.4,11.1,18.6,39.8,2.6,2.7,3.87,1
"Greensboro",2015,NA,131316,153374,15959,9838,672,204,14,4,0.1215,0.0641,0.0574,1.8947,67.91,0.2564,730,"South",75.8,45.1,3.5,7.4,19.6,40.6,0.6,3.9,3.87,1
"Hartford",2015,NA,67065,56227,2100,1841,298,181,NA,NA,0.0313,0.0327,-0.0014,0.9563,63.93,0.3426,346,"Northeast",64.7,15.9,20.9,44.9,12.4,34.7,1.9,2.3,5.22,1
"Houston",2015,NA,642441,1580047,96652,169482,NA,NA,NA,NA,0.1504,0.1073,0.0432,1.4026,51.26,0.2694,4067,"South",45.1,25.8,25.3,43.8,22.8,22.7,6,6.2,1.98,1
"Little Rock",2015,NA,89428,106200,NA,NA,NA,NA,NA,NA,NA,NA,NA,NA,61.89,0.241,544,"South",68.5,47.1,2.2,5.9,27.9,42,0.4,3,2.46,1
"Los Angeles",2015,NA,594172,3302313,86184,87406,NA,NA,NA,NA,0.145,0.0265,0.1186,5.4801,64.39,0.2692,11126,"West",35.4,28.5,43.4,48.6,11.6,8.8,7.1,11.3,3.05,1
"Louisville",2015,NA,145058,463557,15060,28598,1410,1543,4,2,0.1038,0.0617,0.0421,1.6829,71.64,0.2806,1385,"South",84.8,67.7,2,4.8,11.7,22.5,1.4,2.3,7.25,1
"Madison",2015,NA,20324,227591,7385,22541,NA,NA,NA,NA,0.3634,0.099,0.2643,3.6688,55.66,0.2943,2226,"Midwest",80.1,76,5.4,6.5,10.3,7.2,2.1,7.4,7.78,1
"shville",2015,NA,195309,444579,129699,196677,7530,5155,3347,2025,0.6641,0.4424,0.2217,1.5011,63.43,0.2858,1406,"South",84.9,56,1,10.1,12.3,28.2,1.5,3.2,6.9,1
"New Orleans",2015,NA,236904,132656,30781,10999,3105,649,2331,428,0.1299,0.0829,0.047,1.5671,61.94,0.2163,1024,"South",38.5,30.7,1.9,5.4,58.2,59.4,1,3,0.66,1
"Oakland",2015,NA,173854,243312,10971,2559,2517,132,NA,NA,0.0631,0.0105,0.0526,6,47.64,0.2568,9493,"West",42.9,26.8,21.5,25.9,22.2,25.4,12,16.4,1.93,1
"Oklahoma City",2015,NA,115049,506649,14170,64695,NA,NA,NA,NA,0.1232,0.1277,-0.0045,0.9645,58.92,0.2517,1037,"South",85.5,55.8,4.7,18.3,6.7,14,0.8,4.1,12.76,1
"Philadelphia",2015,NA,726619,703446,181193,60051,5873,1836,12268,2098,0.2494,0.0854,0.164,2.9211,77.93,0.2895,6827,"Northeast",56.8,36.3,8.2,13,33.4,41.7,1.5,6.5,1.7,1
"Pittsburgh",2015,NA,81425,221269,7249,10476,7249,10476,917,543,0.089,0.0473,0.0417,1.8804,76.08,0.3253,2435,"Northeast",84.3,64.9,0.7,2.5,14.3,24.7,0.6,4.9,5.9,1
"Raleigh",2015,NA,150586,292294,34053,27029,2242,32,775,14,0.2261,0.0925,0.1337,2.4455,60.63,0.2867,1477,"South",83.8,52.8,3.1,11.3,12.2,29.2,0.9,4.4,6.87,1
"San Antonio",2015,NA,119492,1330052,12140,41337,129,340,NA,NA,0.1016,0.0311,0.0705,3.269,46.23,0.2758,1110,"South",42.3,26.5,51.5,63,5.4,6.5,0,2.3,7.83,1
"San Diego",2015,NA,131776,1240320,12105,48758,956,1248,NA,NA,0.0919,0.0393,0.0525,2.3368,52.04,0.2875,3279,"West",65.7,43.3,19.6,29.9,6.5,6.4,4.3,16.5,10.11,1
"San Francisco",2015,NA,59203,496859,14990,29867,2344,662,NA,NA,0.2532,0.0601,0.1931,4.2121,47.64,0.2568,9493,"West",52.4,41.6,15.7,15.3,9,5.5,22.3,33.1,5.82,1
"San Jose",2015,NA,68847,919235,1470,3161,347,407,NA,NA,0.0214,0.0034,0.0179,6.2092,47.64,0.293,3295,"West",56.3,27.7,24.4,33.4,4.7,2.7,3,32.6,11.98,1
"Stockton",2015,NA,68633,234736,3889,2827,981,319,NA,NA,0.0567,0.012,0.0446,4.705,61.89,0.2847,485,"West",65.3,21.6,22.9,42.1,2.3,10.6,8.2,21.3,28.39,1
"Tampa",2015,NA,104540,266720,37936,80724,NA,NA,NA,NA,0.3629,0.3027,0.0602,1.199,68.72,0.2979,2989,"South",69.3,46.1,14.3,22.6,14.5,24.7,1.6,3.8,4.78,1
"Tulsa",2015,NA,77765,319299,4706,18571,NA,NA,NA,NA,0.0605,0.0582,0.0024,1.0405,40.59,0.3163,483,"South",76.2,57,2.6,14.6,9.9,14.9,1.3,2.5,7.7,1
"Wichita",2015,NA,51507,335066,8543,37903,NA,NA,NA,NA,0.1659,0.1131,0.0527,1.4662,38.3,0.2906,450,"Midwest",81.4,63.8,7.1,15.9,7.9,11.1,3,4.7,10.3,1
"Winston-Salem",2015,NA,93943,145856,13524,10303,262,143,5,2,0.144,0.0706,0.0733,2.038,67.91,0.2838,656,"South",80.7,46.5,4,15.5,14.1,34,0.7,1.9,5.72,1
"Austin",2014,NA,88765,785411,5104,18992,474,603,187,367,0.0575,0.0242,0.0333,2.3779,52.54,0.3041,1664,"South",69.2,49.3,20.5,33.9,8.7,7.5,1.6,6.5,7.95,1
"Bakersfield",2014,NA,41049,322728,2934,12550,NA,NA,NA,NA,0.0715,0.0389,0.0326,1.838,57.52,0.3057,205,"West",75,35.7,19.2,46.9,3.4,8,2.4,6.6,22.06,1
"Burlington",2014,NA,2106,40490,425,4981,8,30,NA,NA,0.2018,0.123,0.0788,1.6404,51.07,0.3325,435,"Northeast",92,88.9,2,2.7,2,3.9,4,3.6,46,1
"Charlotte",2014,NA,369491,430504,76263,50980,3887,1107,75,10,0.2064,0.1184,0.088,1.743,73,0.3331,1443,"South",77.2,44.2,3.7,13.4,16.5,34.5,2.1,5.1,4.68,1
"Cincinti",2014,NA,140592,159462,14616,9957,NA,NA,NA,NA,0.104,0.0624,0.0415,1.6649,71.84,0.3314,1517,"Midwest",66.1,49.4,0.5,2.9,30.6,43,0.6,1.9,2.16,1
"Columbus",2014,NA,265824,570773,11290,12978,1015,629,NA,NA,0.0425,0.0227,0.0197,1.8679,75.69,0.3204,2193,"Midwest",86.4,58.5,1.2,5.8,11.3,27.4,1,4.3,7.65,1
"Durham",2014,NA,118388,132459,14200,6840,1191,212,46,7,0.1199,0.0516,0.0683,2.3228,60.63,0.2875,1395,"South",64.4,38.1,4.6,13.8,29.6,40,0.2,4.8,2.18,1
"Fayetteville",2014,NA,98866,106749,19780,12218,862,204,38,7,0.2001,0.1145,0.0856,1.748,60.63,0.2301,139,"South",71.9,40.8,5.4,11.1,18.6,39.8,2.6,2.7,3.87,1
"Greensboro",2014,NA,129644,152041,22440,13321,915,275,14,6,0.1731,0.0876,0.0855,1.9756,67.91,0.233,753,"South",75.8,45.1,3.5,7.4,19.6,40.6,0.6,3.9,3.87,1
"Hartford",2014,NA,67745,55843,2971,2511,1689,1504,NA,NA,0.0439,0.045,-0.0011,0.9753,63.93,0.3025,1081,"Northeast",64.7,15.9,20.9,44.9,12.4,34.7,1.9,2.3,5.22,1
"Houston",2014,NA,639862,1558181,108499,144059,NA,NA,NA,NA,0.1696,0.0925,0.0771,1.8341,51.26,NA,2621,"South",45.1,25.8,25.3,43.8,22.8,22.7,6,6.2,1.98,1
"Little Rock",2014,NA,89497,105711,NA,NA,NA,NA,NA,NA,NA,NA,NA,NA,61.89,0.2722,474,"South",68.5,47.1,2.2,5.9,27.9,42,0.4,3,2.46,1
"Los Angeles",2014,NA,598079,3277633,106267,132679,NA,NA,NA,NA,0.1777,0.0405,0.1372,4.3893,64.39,0.2837,6504,"West",35.4,28.5,43.4,48.6,11.6,8.8,7.1,11.3,3.05,1
"Louisville",2014,NA,143371,462988,NA,NA,NA,NA,NA,NA,NA,NA,NA,NA,71.64,0.3201,950,"South",84.8,67.7,2,4.8,11.7,22.5,1.4,2.3,7.25,1
"Madison",2014,NA,20215,224759,5901,19325,NA,NA,NA,NA,0.2919,0.086,0.2059,3.3951,55.66,0.3257,1496,"Midwest",80.1,76,5.4,6.5,10.3,7.2,2.1,7.4,7.78,1
"shville",2014,NA,192785,439369,155572,224707,9106,6263,4403,2643,0.807,0.5114,0.2955,1.5779,63.43,0.2658,938,"South",84.9,56,1,10.1,12.3,28.2,1.5,3.2,6.9,1
"New Orleans",2014,NA,233960,130453,22334,9328,3089,727,2191,364,0.0955,0.0715,0.024,1.335,61.94,0.2963,684,"South",38.5,30.7,1.9,5.4,58.2,59.4,1,3,0.66,1
"Oakland",2014,NA,174224,237654,11946,3661,2447,144,NA,NA,0.0686,0.0154,0.0532,4.451,47.64,0.2536,5734,"West",42.9,26.8,21.5,25.9,22.2,25.4,12,16.4,1.93,1
"Oklahoma City",2014,NA,114614,498744,16562,72377,NA,NA,NA,NA,0.1445,0.1451,-6e-04,0.9958,58.92,0.3446,524,"South",85.5,55.8,4.7,18.3,6.7,14,0.8,4.1,12.76,1
"Philadelphia",2014,NA,724476,702852,132871,51563,4821,1766,10495,1657,0.1834,0.0734,0.11,2.5,77.93,0.2936,5808,"Northeast",56.8,36.3,8.2,13,33.4,41.7,1.5,6.5,1.7,1
"Pittsburgh",2014,NA,82460,220836,8518,13198,8518,13198,1191,724,0.1033,0.0598,0.0435,1.7284,76.08,0.3475,1874,"Northeast",84.3,64.9,0.7,2.5,14.3,24.7,0.6,4.9,5.9,1
"Raleigh",2014,NA,147721,287361,30964,27760,1666,834,22,6,0.2096,0.0966,0.113,2.1698,60.63,0.3122,1008,"South",83.8,52.8,3.1,11.3,12.2,29.2,0.9,4.4,6.87,1
"San Antonio",2014,NA,118720,1306396,13841,50766,192,538,NA,NA,0.1166,0.0389,0.0777,3.0002,46.23,0.3198,717,"South",42.3,26.5,51.5,63,5.4,6.5,0,2.3,7.83,1
"San Diego",2014,NA,132190,1226967,15508,59997,1598,1894,NA,NA,0.1173,0.0489,0.0684,2.3992,52.04,0.306,2057,"West",65.7,43.3,19.6,29.9,6.5,6.4,4.3,16.5,10.11,1
"San Francisco",2014,NA,59128,490886,14039,33651,2116,613,NA,NA,0.2374,0.0686,0.1689,3.4636,47.64,0.2536,5734,"West",52.4,41.6,15.7,15.3,9,5.5,22.3,33.1,5.82,1
"San Jose",2014,NA,68238,911417,1677,3565,447,548,NA,NA,0.0246,0.0039,0.0207,6.283,47.64,0.2958,1979,"West",56.3,27.7,24.4,33.4,4.7,2.7,3,32.6,11.98,1
"Stockton",2014,NA,69413,231623,1815,1449,566,121,NA,NA,0.0261,0.0063,0.0199,4.1797,61.89,0.2516,131,"West",65.3,21.6,22.9,42.1,2.3,10.6,8.2,21.3,28.39,1
"Tampa",2014,NA,103446,260704,49531,104968,NA,NA,NA,NA,0.4788,0.4026,0.0762,1.1892,68.72,0.3185,1389,"South",69.3,46.1,14.3,22.6,14.5,24.7,1.6,3.8,4.78,1
"Tulsa",2014,NA,77851,318181,6156,23136,NA,NA,NA,NA,0.0791,0.0727,0.0064,1.0875,40.59,0.2728,356,"South",76.2,57,2.6,14.6,9.9,14.9,1.3,2.5,7.7,1
"Wichita",2014,NA,51754,333979,9666,41239,NA,NA,NA,NA,0.1868,0.1235,0.0633,1.5126,38.3,0.3129,207,"Midwest",81.4,63.8,7.1,15.9,7.9,11.1,3,4.7,10.3,1
"Winston-Salem",2014,NA,93726,144037,17294,14141,378,187,4,0,0.1845,0.0982,0.0863,1.8794,67.91,0.2978,310,"South",80.7,46.5,4,15.5,14.1,34,0.7,1.9,5.72,1
"Austin",2013,NA,87593,765636,5543,19421,557,542,251,304,0.0633,0.0254,0.0379,2.4947,52.54,0.3247,1019,"South",69.2,49.3,20.5,33.9,8.7,7.5,1.6,6.5,7.95,1
"Bakersfield",2013,NA,41665,318038,1485,6058,NA,NA,NA,NA,0.0356,0.019,0.0166,1.8711,57.52,0.342,177,"West",75,35.7,19.2,46.9,3.4,8,2.4,6.6,22.06,1
"Burlington",2013,NA,2025,40526,368,4414,20,64,NA,NA,0.1817,0.1089,0.0728,1.6685,51.07,0.3116,431,"Northeast",92,88.9,2,2.7,2,3.9,4,3.6,46,1
"Charlotte",2013,NA,368928,413924,65110,43232,3693,865,63,10,0.1765,0.1044,0.072,1.6897,73,0.3046,1123,"South",77.2,44.2,3.7,13.4,16.5,34.5,2.1,5.1,4.68,1
"Cincinti",2013,NA,140792,158485,14044,10715,NA,NA,NA,NA,0.0997,0.0676,0.0321,1.4754,71.84,0.3496,1078,"Midwest",66.1,49.4,0.5,2.9,30.6,43,0.6,1.9,2.16,1
"Columbus",2013,NA,260878,563328,9822,12160,842,530,NA,NA,0.0376,0.0216,0.0161,1.7442,75.69,0.3213,1866,"Midwest",86.4,58.5,1.2,5.8,11.3,27.4,1,4.3,7.65,1
"Durham",2013,NA,116900,128318,17312,8019,1331,242,75,5,0.1481,0.0625,0.0856,2.3697,60.63,0.3057,994,"South",64.4,38.1,4.6,13.8,29.6,40,0.2,4.8,2.18,1
"Fayetteville",2013,NA,98156,106251,16952,9621,993,228,79,19,0.1727,0.0905,0.0822,1.9073,60.63,0.2081,172,"South",71.9,40.8,5.4,11.1,18.6,39.8,2.6,2.7,3.87,1
"Greensboro",2013,NA,127978,150703,26629,18026,1398,470,26,4,0.2081,0.1196,0.0885,1.7396,67.91,0.3229,499,"South",75.8,45.1,3.5,7.4,19.6,40.6,0.6,3.9,3.87,1
"Hartford",2013,3,68429,55456,688,602,16,12,NA,NA,0.0402,0.0434,-0.0032,0.9262,63.93,0.3797,894,"Northeast",64.7,15.9,20.9,44.9,12.4,34.7,1.9,2.3,5.22,1
"Houston",2013,NA,637182,1536416,NA,NA,NA,NA,NA,NA,NA,NA,NA,NA,51.26,0.2829,1675,"South",45.1,25.8,25.3,43.8,22.8,22.7,6,6.2,1.98,1
"Little Rock",2013,NA,89564,105223,NA,NA,NA,NA,NA,NA,NA,NA,NA,NA,61.89,0.299,475,"South",68.5,47.1,2.2,5.9,27.9,42,0.4,3,2.46,1
"Los Angeles",2013,NA,601910,3253029,115285,147591,NA,NA,NA,NA,0.1915,0.0454,0.1462,4.2215,64.39,0.3246,4798,"West",35.4,28.5,43.4,48.6,11.6,8.8,7.1,11.3,3.05,1
"Louisville",2013,NA,141693,462411,NA,NA,NA,NA,NA,NA,NA,NA,NA,NA,71.64,0.3191,695,"South",84.8,67.7,2,4.8,11.7,22.5,1.4,2.3,7.25,1
"Madison",2013,NA,20104,221929,6049,20672,NA,NA,NA,NA,0.3009,0.0931,0.2077,3.2302,55.66,0.3444,1049,"Midwest",80.1,76,5.4,6.5,10.3,7.2,2.1,7.4,7.78,1
"shville",2013,NA,190266,434156,160926,220163,9393,6413,5058,2893,0.8458,0.5071,0.3387,1.6679,63.43,0.3305,560,"South",84.9,56,1,10.1,12.3,28.2,1.5,3.2,6.9,1
"New Orleans",2013,NA,231007,128260,16181,4759,3231,513,2260,306,0.07,0.0371,0.0329,1.8878,61.94,0.2649,466,"South",38.5,30.7,1.9,5.4,58.2,59.4,1,3,0.66,1
"Oakland",2013,10,174519,232061,5562,1443,1099,67,NA,NA,0.0382,0.0075,0.0308,5.1254,47.64,0.2825,3442,"West",42.9,26.8,21.5,25.9,22.2,25.4,12,16.4,1.93,1
"Oklahoma City",2013,NA,114148,490870,15759,67000,NA,NA,NA,NA,0.1381,0.1365,0.0016,1.0115,58.92,0.3304,335,"South",85.5,55.8,4.7,18.3,6.7,14,0.8,4.1,12.76,1
"Philadelphia",2013,NA,722041,701481,NA,NA,NA,NA,NA,NA,NA,NA,NA,NA,77.93,0.3226,4208,"Northeast",56.8,36.3,8.2,13,33.4,41.7,1.5,6.5,1.7,1
"Pittsburgh",2013,NA,83498,220400,10316,15842,10316,15842,1360,859,0.1235,0.0719,0.0517,1.7188,76.08,0.3666,1291,"Northeast",84.3,64.9,0.7,2.5,14.3,24.7,0.6,4.9,5.9,1
"Raleigh",2013,NA,144863,282421,28018,22653,1089,374,27,8,0.1934,0.0802,0.1132,2.4113,60.63,0.3131,691,"South",83.8,52.8,3.1,11.3,12.2,29.2,0.9,4.4,6.87,1
"San Antonio",2013,NA,117906,1282783,14997,58810,250,530,NA,NA,0.1272,0.0458,0.0813,2.7744,46.23,0.3236,520,"South",42.3,26.5,51.5,63,5.4,6.5,0,2.3,7.83,1
"San Diego",2013,NA,132572,1213646,NA,NA,NA,NA,NA,NA,NA,NA,NA,NA,52.04,0.345,1722,"West",65.7,43.3,19.6,29.9,6.5,6.4,4.3,16.5,10.11,1
"San Francisco",2013,NA,59256,485386,12714,28386,2096,649,NA,NA,0.2146,0.0585,0.1561,3.6689,47.64,0.2825,3442,"West",52.4,41.6,15.7,15.3,9,5.5,22.3,33.1,5.82,1
"San Jose",2013,5,67629,903597,723,1341,178,222,NA,NA,0.0257,0.0036,0.0221,7.2036,47.64,0.3389,1451,"West",56.3,27.7,24.4,33.4,4.7,2.7,3,32.6,11.98,1
"Stockton",2013,NA,70174,228530,1841,1710,457,157,NA,NA,0.0262,0.0075,0.0188,3.5061,61.89,0.3663,144,"West",65.3,21.6,22.9,42.1,2.3,10.6,8.2,21.3,28.39,1
"Tampa",2013,NA,102317,254723,55318,134912,NA,NA,NA,NA,0.5407,0.5296,0.011,1.0208,68.72,0.3421,1473,"South",69.3,46.1,14.3,22.6,14.5,24.7,1.6,3.8,4.78,1
"Tulsa",2013,NA,77936,317065,7180,27732,NA,NA,NA,NA,0.0921,0.0875,0.0047,1.0533,40.59,0.3447,136,"South",76.2,57,2.6,14.6,9.9,14.9,1.3,2.5,7.7,1
"Wichita",2013,NA,51999,332892,9409,38186,NA,NA,NA,NA,0.1809,0.1147,0.0662,1.5774,38.3,0.3658,149,"Midwest",81.4,63.8,7.1,15.9,7.9,11.1,3,4.7,10.3,1
"Winston-Salem",2013,NA,93498,142228,17357,15237,398,240,2,3,0.1856,0.1071,0.0785,1.7328,67.91,0.3244,280,"South",80.7,46.5,4,15.5,14.1,34,0.7,1.9,5.72,1
"Austin",2012,NA,86375,745908,5152,17938,530,524,210,266,0.0596,0.024,0.0356,2.4803,52.54,0.3302,910,"South",69.2,49.3,20.5,33.9,8.7,7.5,1.6,6.5,7.95,1
"Bakersfield",2012,NA,42258,313373,2005,9651,NA,NA,NA,NA,0.0474,0.0308,0.0166,1.5406,57.52,0.398,160,"West",75,35.7,19.2,46.9,3.4,8,2.4,6.6,22.06,1
"Burlington",2012,NA,1944,40563,468,5481,9,46,NA,NA,0.2407,0.1351,0.1056,1.7816,51.07,0.3699,432,"Northeast",92,88.9,2,2.7,2,3.9,4,3.6,46,1
"Charlotte",2012,NA,368043,397667,55797,38112,3253,785,62,7,0.1516,0.0958,0.0558,1.5819,73,0.3121,1059,"South",77.2,44.2,3.7,13.4,16.5,34.5,2.1,5.1,4.68,1
"Cincinti",2012,NA,140988,157511,19500,17013,NA,NA,NA,NA,0.1383,0.108,0.0303,1.2805,71.84,0.3489,1075,"Midwest",66.1,49.4,0.5,2.9,30.6,43,0.6,1.9,2.16,1
"Columbus",2012,NA,255963,555852,11796,14976,959,580,NA,NA,0.0461,0.0269,0.0191,1.7105,75.69,0.3653,1485,"Midwest",86.4,58.5,1.2,5.8,11.3,27.4,1,4.3,7.65,1
"Durham",2012,NA,115358,124230,16358,7464,1449,341,53,10,0.1418,0.0601,0.0817,2.3601,60.63,0.3133,756,"South",64.4,38.1,4.6,13.8,29.6,40,0.2,4.8,2.18,1
"Fayetteville",2012,NA,97448,105751,25463,14173,1442,417,101,25,0.2613,0.134,0.1273,1.9497,60.63,0.1919,140,"South",71.9,40.8,5.4,11.1,18.6,39.8,2.6,2.7,3.87,1
"Greensboro",2012,NA,126318,149358,26644,19553,1332,438,33,5,0.2109,0.1309,0.08,1.6112,67.91,0.3003,574,"South",75.8,45.1,3.5,7.4,19.6,40.6,0.6,3.9,3.87,1
"Hartford",2012,NA,69114,55067,NA,NA,NA,NA,NA,NA,NA,NA,NA,NA,63.93,0.378,823,"Northeast",64.7,15.9,20.9,44.9,12.4,34.7,1.9,2.3,5.22,1
"Houston",2012,NA,634403,1514750,NA,NA,NA,NA,NA,NA,NA,NA,NA,NA,51.26,0.3075,1622,"South",45.1,25.8,25.3,43.8,22.8,22.7,6,6.2,1.98,1
"Little Rock",2012,NA,89630,104735,NA,NA,NA,NA,NA,NA,NA,NA,NA,NA,61.89,0.2658,377,"South",68.5,47.1,2.2,5.9,27.9,42,0.4,3,2.46,1
"Los Angeles",2012,NA,605666,3228501,116744,156494,NA,NA,NA,NA,0.1928,0.0485,0.1443,3.9765,64.39,0.3319,4128,"West",35.4,28.5,43.4,48.6,11.6,8.8,7.1,11.3,3.05,1
"Louisville",2012,NA,140024,461825,NA,NA,NA,NA,NA,NA,NA,NA,NA,NA,71.64,0.3287,890,"South",84.8,67.7,2,4.8,11.7,22.5,1.4,2.3,7.25,1
"Madison",2012,NA,19989,219103,6245,21477,NA,NA,NA,NA,0.3124,0.098,0.2144,3.1872,55.66,0.3284,928,"Midwest",80.1,76,5.4,6.5,10.3,7.2,2.1,7.4,7.78,1
"shville",2012,NA,187750,428938,173397,237629,9184,7322,4935,3152,0.9236,0.554,0.3696,1.6671,63.43,0.3226,553,"South",84.9,56,1,10.1,12.3,28.2,1.5,3.2,6.9,1
"New Orleans",2012,NA,228044,126077,24866,8631,3757,727,2598,454,0.109,0.0685,0.0406,1.5928,61.94,0.2971,394,"South",38.5,30.7,1.9,5.4,58.2,59.4,1,3,0.66,1
"Oakland",2012,NA,174767,226535,NA,NA,NA,NA,NA,NA,NA,NA,NA,NA,47.64,0.2909,2804,"West",42.9,26.8,21.5,25.9,22.2,25.4,12,16.4,1.93,1
"Oklahoma City",2012,NA,113652,483026,13691,62895,NA,NA,NA,NA,0.1205,0.1302,-0.0097,0.9252,58.92,0.3208,420,"South",85.5,55.8,4.7,18.3,6.7,14,0.8,4.1,12.76,1
"Philadelphia",2012,NA,718625,702032,NA,NA,NA,NA,NA,NA,NA,NA,NA,NA,77.93,0.3395,3495,"Northeast",56.8,36.3,8.2,13,33.4,41.7,1.5,6.5,1.7,1
"Pittsburgh",2012,NA,84539,219961,11305,18480,11305,18480,1359,979,0.1337,0.084,0.0497,1.5917,76.08,0.3646,1337,"Northeast",84.3,64.9,0.7,2.5,14.3,24.7,0.6,4.9,5.9,1
"Raleigh",2012,NA,142013,277474,31829,25786,1167,374,33,5,0.2241,0.0929,0.1312,2.4118,60.63,0.3367,754,"South",83.8,52.8,3.1,11.3,12.2,29.2,0.9,4.4,6.87,1
"San Antonio",2012,NA,117050,1259212,14788,57741,366,550,NA,NA,0.1263,0.0459,0.0805,2.7552,46.23,0.3341,621,"South",42.3,26.5,51.5,63,5.4,6.5,0,2.3,7.83,1
"San Diego",2012,NA,132923,1200356,NA,NA,NA,NA,NA,NA,NA,NA,NA,NA,52.04,0.3509,1171,"West",65.7,43.3,19.6,29.9,6.5,6.4,4.3,16.5,10.11,1
"San Francisco",2012,NA,59162,480223,13533,34405,2364,1004,NA,NA,0.2287,0.0716,0.1571,3.1928,47.64,0.2909,2804,"West",52.4,41.6,15.7,15.3,9,5.5,22.3,33.1,5.82,1
"San Jose",2012,NA,67021,895778,NA,NA,NA,NA,NA,NA,NA,NA,NA,NA,47.64,0.3359,1228,"West",56.3,27.7,24.4,33.4,4.7,2.7,3,32.6,11.98,1
"Stockton",2012,NA,70914,225457,624,690,104,51,NA,NA,0.0088,0.0031,0.0057,2.8752,61.89,0.3095,129,"West",65.3,21.6,22.9,42.1,2.3,10.6,8.2,21.3,28.39,1
"Tampa",2012,NA,101152,248777,55275,136494,NA,NA,NA,NA,0.5465,0.5487,-0.0022,0.996,68.72,0.3248,1119,"South",69.3,46.1,14.3,22.6,14.5,24.7,1.6,3.8,4.78,1
"Tulsa",2012,NA,78019,315950,7429,31825,NA,NA,NA,NA,0.0952,0.1007,-0.0055,0.9453,40.59,0.3377,243,"South",76.2,57,2.6,14.6,9.9,14.9,1.3,2.5,7.7,1
"Wichita",2012,NA,52242,331808,11556,45154,NA,NA,NA,NA,0.2212,0.1361,0.0851,1.6255,38.3,0.2536,173,"Midwest",81.4,63.8,7.1,15.9,7.9,11.1,3,4.7,10.3,1
"Winston-Salem",2012,NA,93260,140429,16641,15422,339,301,9,2,0.1784,0.1098,0.0686,1.6248,67.91,0.2813,387,"South",80.7,46.5,4,15.5,14.1,34,0.7,1.9,5.72,1
"Austin",2011,NA,85110,726226,5990,23272,597,512,223,253,0.0704,0.032,0.0383,2.1963,52.54,0.3291,1009,"South",69.2,49.3,20.5,33.9,8.7,7.5,1.6,6.5,7.95,1
"Bakersfield",2011,NA,42825,308731,2494,16083,NA,NA,NA,NA,0.0582,0.0521,0.0061,1.1179,57.52,0.3809,176,"West",75,35.7,19.2,46.9,3.4,8,2.4,6.6,22.06,1
"Burlington",2011,NA,1863,40599,NA,NA,NA,NA,NA,NA,NA,NA,NA,NA,51.07,0.3735,311,"Northeast",92,88.9,2,2.7,2,3.9,4,3.6,46,1
"Charlotte",2011,NA,366835,381731,69356,48190,4001,1170,76,18,0.1891,0.1262,0.0628,1.4977,73,0.2838,1354,"South",77.2,44.2,3.7,13.4,16.5,34.5,2.1,5.1,4.68,1
"Cincinti",2011,NA,141182,156541,23670,18231,NA,NA,NA,NA,0.1677,0.1165,0.0512,1.4396,71.84,0.3074,1622,"Midwest",66.1,49.4,0.5,2.9,30.6,43,0.6,1.9,2.16,1
"Columbus",2011,NA,251078,548347,NA,NA,NA,NA,NA,NA,NA,NA,NA,NA,75.69,0.3616,1496,"Midwest",86.4,58.5,1.2,5.8,11.3,27.4,1,4.3,7.65,1
"Durham",2011,NA,113763,120196,17744,8910,1566,308,82,9,0.156,0.0741,0.0818,2.1041,60.63,0.3207,823,"South",64.4,38.1,4.6,13.8,29.6,40,0.2,4.8,2.18,1
"Fayetteville",2011,NA,96741,105249,31860,19567,1925,613,151,50,0.3293,0.1859,0.1434,1.7715,60.63,0.1908,244,"South",71.9,40.8,5.4,11.1,18.6,39.8,2.6,2.7,3.87,1
"Greensboro",2011,NA,124664,148007,24155,18873,1403,505,41,7,0.1938,0.1275,0.0662,1.5195,67.91,0.1836,419,"South",75.8,45.1,3.5,7.4,19.6,40.6,0.6,3.9,3.87,1
"Hartford",2011,NA,69803,54676,NA,NA,NA,NA,NA,NA,NA,NA,NA,NA,63.93,0.3577,1157,"Northeast",64.7,15.9,20.9,44.9,12.4,34.7,1.9,2.3,5.22,1
"Houston",2011,NA,631524,1493184,NA,NA,NA,NA,NA,NA,NA,NA,NA,NA,51.26,0.2566,2180,"South",45.1,25.8,25.3,43.8,22.8,22.7,6,6.2,1.98,1
"Little Rock",2011,NA,89696,104249,NA,NA,NA,NA,NA,NA,NA,NA,NA,NA,61.89,0.25,469,"South",68.5,47.1,2.2,5.9,27.9,42,0.4,3,2.46,1
"Los Angeles",2011,NA,609345,3204049,122746,172299,NA,NA,NA,NA,0.2014,0.0538,0.1477,3.7459,64.39,0.3199,5458,"West",35.4,28.5,43.4,48.6,11.6,8.8,7.1,11.3,3.05,1
"Louisville",2011,NA,138363,461230,NA,NA,NA,NA,NA,NA,NA,NA,NA,NA,71.64,0.3291,998,"South",84.8,67.7,2,4.8,11.7,22.5,1.4,2.3,7.25,1
"Madison",2011,NA,19871,216279,5664,18681,NA,NA,NA,NA,0.285,0.0864,0.1987,3.3,55.66,0.352,811,"Midwest",80.1,76,5.4,6.5,10.3,7.2,2.1,7.4,7.78,1
"shville",2011,NA,185238,423717,153026,210518,8586,7049,5285,3636,0.8261,0.4968,0.3293,1.6627,63.43,0.2957,739,"South",84.9,56,1,10.1,12.3,28.2,1.5,3.2,6.9,1
"New Orleans",2011,NA,225070,123905,29053,11605,2239,521,1386,290,0.1291,0.0937,0.0354,1.3782,61.94,0.278,608,"South",38.5,30.7,1.9,5.4,58.2,59.4,1,3,0.66,1
"Oakland",2011,NA,174939,221074,NA,NA,NA,NA,NA,NA,NA,NA,NA,NA,47.64,0.313,4054,"West",42.9,26.8,21.5,25.9,22.2,25.4,12,16.4,1.93,1
"Oklahoma City",2011,NA,113127,475212,8626,39056,NA,NA,NA,NA,0.0763,0.0822,-0.0059,0.9278,58.92,0.3235,547,"South",85.5,55.8,4.7,18.3,6.7,14,0.8,4.1,12.76,1
"Philadelphia",2011,NA,713378,699022,NA,NA,NA,NA,NA,NA,NA,NA,NA,NA,77.93,0.344,5075,"Northeast",56.8,36.3,8.2,13,33.4,41.7,1.5,6.5,1.7,1
"Pittsburgh",2011,NA,85584,219518,10609,18674,10609,18674,1486,904,0.124,0.0851,0.0389,1.4572,76.08,0.3765,1512,"Northeast",84.3,64.9,0.7,2.5,14.3,24.7,0.6,4.9,5.9,1
"Raleigh",2011,NA,208854,649405,36739,31840,1293,434,46,8,0.1759,0.049,0.1269,3.5878,60.63,0.3012,1016,"South",83.8,52.8,3.1,11.3,12.2,29.2,0.9,4.4,6.87,1
"San Antonio",2011,NA,116151,1235684,NA,NA,NA,NA,NA,NA,NA,NA,NA,NA,46.23,0.317,872,"South",42.3,26.5,51.5,63,5.4,6.5,0,2.3,7.83,1
"San Diego",2011,NA,133243,1187098,NA,NA,NA,NA,NA,NA,NA,NA,NA,NA,52.04,0.3478,1524,"West",65.7,43.3,19.6,29.9,6.5,6.4,4.3,16.5,10.11,1
"San Francisco",2011,NA,59519,472079,16089,42332,2867,1386,NA,NA,0.2703,0.0897,0.1806,3.0145,47.64,0.313,4054,"West",52.4,41.6,15.7,15.3,9,5.5,22.3,33.1,5.82,1
"San Jose",2011,NA,66412,887958,NA,NA,NA,NA,NA,NA,NA,NA,NA,NA,47.64,0.3408,1541,"West",56.3,27.7,24.4,33.4,4.7,2.7,3,32.6,11.98,1
"Stockton",2011,1,71634,222405,NA,NA,NA,NA,NA,NA,NA,NA,NA,NA,61.89,0.306,274,"West",65.3,21.6,22.9,42.1,2.3,10.6,8.2,21.3,28.39,1
"Tampa",2011,NA,99952,242868,53409,104144,NA,NA,NA,NA,0.5343,0.4288,0.1055,1.2461,68.72,0.356,1646,"South",69.3,46.1,14.3,22.6,14.5,24.7,1.6,3.8,4.78,1
"Tulsa",2011,NA,78101,314837,8484,33506,NA,NA,NA,NA,0.1086,0.1064,0.0022,1.0207,40.59,0.3283,343,"South",76.2,57,2.6,14.6,9.9,14.9,1.3,2.5,7.7,1
"Wichita",2011,NA,52484,330725,13241,48722,NA,NA,NA,NA,0.2523,0.1473,0.105,1.7125,38.3,0.3752,310,"Midwest",81.4,63.8,7.1,15.9,7.9,11.1,3,4.7,10.3,1
"Winston-Salem",2011,NA,93013,138640,18096,17506,348,309,2,5,0.1946,0.1263,0.0683,1.5408,67.91,0.3489,484,"South",80.7,46.5,4,15.5,14.1,34,0.7,1.9,5.72,1
"Austin",2010,NA,83798,706592,6163,27194,376,480,189,306,0.0735,0.0385,0.0351,1.911,52.54,0.3101,1247,"South",69.2,49.3,20.5,33.9,8.7,7.5,1.6,6.5,7.95,1
"Bakersfield",2010,NA,43368,304115,1371,11139,NA,NA,NA,NA,0.0316,0.0366,-0.005,0.8631,57.52,0.3497,227,"West",75,35.7,19.2,46.9,3.4,8,2.4,6.6,22.06,1
"Burlington",2010,NA,1783,40634,NA,NA,NA,NA,NA,NA,NA,NA,NA,NA,51.07,0.3583,335,"Northeast",92,88.9,2,2.7,2,3.9,4,3.6,46,1
"Charlotte",2010,NA,365306,366118,77594,54730,4893,1274,93,20,0.2124,0.1495,0.0629,1.4209,73,0.2655,1491,"South",77.2,44.2,3.7,13.4,16.5,34.5,2.1,5.1,4.68,1
"Cincinti",2010,NA,141372,155573,29370,21641,NA,NA,NA,NA,0.2077,0.1391,0.0686,1.4935,71.84,0.3434,1404,"Midwest",66.1,49.4,0.5,2.9,30.6,43,0.6,1.9,2.16,1
"Columbus",2010,NA,246223,540810,NA,NA,NA,NA,NA,NA,NA,NA,NA,NA,75.69,0.3256,1819,"Midwest",86.4,58.5,1.2,5.8,11.3,27.4,1,4.3,7.65,1
"Durham",2010,NA,112114,116216,17694,8750,1294,284,73,6,0.1578,0.0753,0.0825,2.0962,60.63,0.3081,948,"South",64.4,38.1,4.6,13.8,29.6,40,0.2,4.8,2.18,1
"Fayetteville",2010,NA,96036,104746,20257,12943,1352,404,115,20,0.2109,0.1236,0.0874,1.707,60.63,0.1965,308,"South",71.9,40.8,5.4,11.1,18.6,39.8,2.6,2.7,3.87,1
"Greensboro",2010,NA,123016,146650,27528,22431,1714,706,52,10,0.2238,0.153,0.0708,1.463,67.91,0.2126,651,"South",75.8,45.1,3.5,7.4,19.6,40.6,0.6,3.9,3.87,1
"Hartford",2010,NA,70493,54282,NA,NA,NA,NA,NA,NA,NA,NA,NA,NA,63.93,0.337,1187,"Northeast",64.7,15.9,20.9,44.9,12.4,34.7,1.9,2.3,5.22,1
"Houston",2010,NA,628546,1471717,NA,NA,NA,NA,NA,NA,NA,NA,NA,NA,51.26,0.2335,2570,"South",45.1,25.8,25.3,43.8,22.8,22.7,6,6.2,1.98,1
"Little Rock",2010,NA,89759,103765,NA,NA,NA,NA,NA,NA,NA,NA,NA,NA,61.89,0.2628,546,"South",68.5,47.1,2.2,5.9,27.9,42,0.4,3,2.46,1
"Los Angeles",2010,NA,612949,3179672,57975,122701,NA,NA,NA,NA,0.0946,0.0386,0.056,2.451,64.39,0.3122,5943,"West",35.4,28.5,43.4,48.6,11.6,8.8,7.1,11.3,3.05,1
"Louisville",2010,NA,136710,460627,NA,NA,NA,NA,NA,NA,NA,NA,NA,NA,71.64,0.3316,1051,"South",84.8,67.7,2,4.8,11.7,22.5,1.4,2.3,7.25,1
"Madison",2010,NA,19750,213459,5640,20535,NA,NA,NA,NA,0.2856,0.0962,0.1894,2.9685,55.66,0.3495,897,"Midwest",80.1,76,5.4,6.5,10.3,7.2,2.1,7.4,7.78,1
"shville",2010,NA,182731,418491,115027,169356,7451,5468,4470,2759,0.6295,0.4047,0.2248,1.5555,63.43,0.3243,941,"South",84.9,56,1,10.1,12.3,28.2,1.5,3.2,6.9,1
"New Orleans",2010,NA,222087,121742,16384,6023,NA,NA,NA,NA,0.0738,0.0495,0.0243,1.4912,61.94,0.311,718,"South",38.5,30.7,1.9,5.4,58.2,59.4,1,3,0.66,1
"Oakland",2010,NA,175045,215680,NA,NA,NA,NA,NA,NA,NA,NA,NA,NA,47.64,0.3165,3192,"West",42.9,26.8,21.5,25.9,22.2,25.4,12,16.4,1.93,1
"Oklahoma City",2010,NA,112570,467428,NA,NA,NA,NA,NA,NA,NA,NA,NA,NA,58.92,0.2904,483,"South",85.5,55.8,4.7,18.3,6.7,14,0.8,4.1,12.76,1
"Philadelphia",2010,NA,706827,697346,NA,NA,NA,NA,NA,NA,NA,NA,NA,NA,77.93,0.3002,5210,"Northeast",56.8,36.3,8.2,13,33.4,41.7,1.5,6.5,1.7,1
"Pittsburgh",2010,NA,86633,219071,9209,16509,9209,16509,1074,957,0.1063,0.0754,0.0309,1.4106,76.08,0.347,1614,"Northeast",84.3,64.9,0.7,2.5,14.3,24.7,0.6,4.9,5.9,1
"Raleigh",2010,NA,136337,267555,40637,36504,1310,603,51,7,0.2981,0.1364,0.1616,2.1846,60.63,0.312,930,"South",83.8,52.8,3.1,11.3,12.2,29.2,0.9,4.4,6.87,1
"San Antonio",2010,NA,115209,1212198,NA,NA,NA,NA,NA,NA,NA,NA,NA,NA,46.23,0.3366,1008,"South",42.3,26.5,51.5,63,5.4,6.5,0,2.3,7.83,1
"San Diego",2010,NA,133530,1173872,NA,NA,NA,NA,NA,NA,NA,NA,NA,NA,52.04,0.3489,2165,"West",65.7,43.3,19.6,29.9,6.5,6.4,4.3,16.5,10.11,1
"San Francisco",2010,NA,59964,466521,16976,47880,2409,1480,NA,NA,0.2831,0.1026,0.1805,2.7584,47.64,0.3165,3192,"West",52.4,41.6,15.7,15.3,9,5.5,22.3,33.1,5.82,1
"San Jose",2010,NA,65805,880137,NA,NA,NA,NA,NA,NA,NA,NA,NA,NA,47.64,0.3484,1519,"West",56.3,27.7,24.4,33.4,4.7,2.7,3,32.6,11.98,1
"Stockton",2010,NA,72334,219373,NA,NA,NA,NA,NA,NA,NA,NA,NA,NA,61.89,0.2194,248,"West",65.3,21.6,22.9,42.1,2.3,10.6,8.2,21.3,28.39,1
"Tampa",2010,NA,98716,236993,57336,114560,NA,NA,NA,NA,0.5808,0.4834,0.0974,1.2016,68.72,0.3585,1637,"South",69.3,46.1,14.3,22.6,14.5,24.7,1.6,3.8,4.78,1
"Tulsa",2010,NA,78181,313725,9469,32249,NA,NA,NA,NA,0.1211,0.1028,0.0183,1.1782,40.59,0.2743,352,"South",76.2,57,2.6,14.6,9.9,14.9,1.3,2.5,7.7,1
"Wichita",2010,NA,52725,329643,15063,50924,NA,NA,NA,NA,0.2857,0.1545,0.1312,1.8493,38.3,0.3539,444,"Midwest",81.4,63.8,7.1,15.9,7.9,11.1,3,4.7,10.3,1
"Winston-Salem",2010,NA,92756,136861,16568,15141,374,307,5,4,0.1786,0.1106,0.068,1.6146,67.91,0.2453,310,"South",80.7,46.5,4,15.5,14.1,34,0.7,1.9,5.72,1
